x_true_pose[mm],y_true_pose[mm],theta_true[rad],x_pose[mm],y_pose[mm],theta[rad],p_err[mm],a_err[mm]
0.0,0.0,0.0,0.0,0.0,0.0,0.0,0.0
0.0,0.0,0.0,0.0,0.0,0.0,0.0,0.0
0.0,0.0,0.0,0.0,0.0,0.0,0.0,0.0
0.0,0.0,0.0,0.0,0.0,0.0,0.0,0.0
0.0,0.0,0.0,0.0,0.0,0.0,0.0,0.0
0.0,0.0,0.0,0.0,0.0,0.0,0.0,0.0
0.0,0.0,0.0,0.0,0.0,0.0,0.0,0.0
0.0,0.0,0.0,0.0,0.0,0.0,0.0,0.0
0.0,0.0,0.0,0.0,0.0,0.0,0.0,0.0
0.0,0.0,0.0,0.0,0.0,0.0,0.0,0.0
0.0,0.0,0.0,0.0,0.0,0.0,0.0,0.0
0.0,0.0,0.0,0.0,0.0,0.0,0.0,0.0
0.0,0.0,0.0,0.0,0.0,0.0,0.0,0.0
0.0,0.0,0.0,0.0,0.0,0.0,0.0,0.0
0.0,0.0,0.0,0.0,0.0,0.0,0.0,0.0
0.0,0.0,0.0,0.0,0.0,0.0,0.0,0.0
0.0,0.0,0.0,0.0,0.0,0.0,0.0,0.0
-0.003814697265625,0.003516674041748047,5.566638576826044e-05,0.0,0.0,0.0,0.005188343815156374,0.0031894489652684343
0.010728836059570312,0.011742115020751953,-1.2173072171606236e-05,0.0,0.0,0.0,0.015905508113660025,0.0006974656591411891
-0.0029802322387695312,0.009834766387939453,4.37845579919216e-05,0.0,0.0,0.0,0.01027640083406369,0.0025086703807829067
-0.0008344650268554688,0.015020370483398438,4.411783667501723e-06,0.0,0.0,0.0,0.015043532209544137,0.0002527765842725964
-0.010967254638671875,0.00286102294921875,-1.4683286207795021e-05,0.0,0.0,0.0,0.011334289859776223,0.0008412903290893062
-0.0034570693969726562,0.003904104232788086,-9.683670330939975e-06,0.0,0.0,0.0,0.005214725177414312,0.0005548334401589138
-0.001430511474609375,0.0028908252716064453,5.674718222326014e-05,0.0,0.0,0.0,0.0032254044443988054,0.0032513740406526176
-0.0029802322387695312,-0.00038743019104003906,4.219688873052796e-05,0.0,0.0,0.0,0.0030053096928487374,0.002417703632842398
-0.0029802322387695312,-0.0012218952178955078,-2.7354038611981935e-05,0.0,0.0,0.0,0.003220995516997371,0.0015672709651044572
-0.0036954879760742188,-0.006407499313354492,7.972504780240364e-05,0.0,0.0,0.0,0.007396801932723859,0.0045679087605564675
-0.0057220458984375,-5.9604644775390625e-05,-1.5755641599835002e-05,0.0,0.0,0.0,0.005722356330874915,0.0009027317671912939
0.0,-0.0014901161193847656,-1.8292311489753743e-05,0.0,0.0,0.0,0.0014901161193847656,0.0010480722459015527
-0.009179115295410156,0.008463859558105469,4.0388934231083695e-05,0.0,0.0,0.0,0.012485714886451876,0.0023141154704725544
-0.007987022399902344,0.00622868537902832,4.180136546283464e-05,0.0,0.0,0.0,0.010128625196316772,0.002395041818904348
-0.000476837158203125,0.0008344650268554688,-2.4280877932714162e-06,-1343.7388158814942,1527.8670738668034,-2.162322294044399,2034.7009532905217,123.89180227660742
-0.010728836059570312,-0.002652406692504883,3.4919356629137255e-05,-1347.0444556318598,1708.9073693926903,-2.2916770144353658,2175.976406979577,131.30542166604567
-0.008702278137207031,0.0002086162567138672,-3.240192525777452e-05,-1264.87407616906,1724.253801828779,-2.301646066922857,2138.4421590902375,131.87274907399976
-0.014781951904296875,0.0020563602447509766,8.100121318288522e-05,-1155.2781873413487,1632.3989375894587,-2.1407835125162697,1999.8382718807238,122.66250114602491
-0.012993812561035156,0.004410743713378906,3.321246994403282e-05,-1013.3660323182538,1436.6261862137837,-1.6585418433290522,1758.057594734455,95.0293507029575
-0.00011920928955078125,0.00032782554626464844,5.608346143826104e-05,-1040.0024526169266,1486.1462421751585,-1.8757011710106866,1813.9003644719228,107.47297407229952
-0.0045299530029296875,-0.0011622905731201172,2.6403363558191728e-05,-1048.541059898136,1476.5987061989274,-1.751301582754408,1811.015192165044,100.3437021477055
-0.004649162292480469,-0.0018477439880371094,-3.0108710656895354e-05,-1025.2800898665957,1446.1309159529353,-1.6494846560665777,1772.7068848371705,94.50678406215584
-0.010609626770019531,-0.005245208740234375,4.4310212284237593e-05,-972.9255882326848,1340.147000499547,-1.2805890048708486,1656.0711329144992,73.37488405811087
-0.005602836608886719,-0.0034868717193603516,6.696298303809911e-05,-858.1159265750681,1163.4505016087892,-0.7657498840116511,1445.6757973410658,43.878073212811614
-0.011086463928222656,-0.00762939453125,-1.2214633626772553e-05,-737.5641916858222,1007.7227795229898,-0.4780842413857232,1248.801489460808,27.39150943616051
-0.0015497207641601562,0.0015795230865478516,1.3741899964392346e-05,-658.1427795347441,897.8750675659442,-0.35824978400877333,1113.2505014197413,20.526987988046493
-0.012755393981933594,0.004500150680541992,3.544370585184531e-05,-600.6832807155976,807.983853240794,-0.263273722846713,1006.7947730347352,15.086503950569227
-0.0016689300537109375,0.0035762786865234375,1.0377090085889051e-05,-554.4562527045118,726.1765686814281,-0.21341817516912862,913.6449531211015,12.228555272040323
-0.012159347534179688,-5.9604644775390625e-05,-5.426836245714384e-06,-502.21227122007963,648.7334636963823,-0.17367658266999567,820.4024235820865,9.950624252432698
-0.0073909759521484375,0.001996755599975586,2.394753090251278e-05,-393.32368107574734,507.5523562158608,-0.10293860657883158,642.1098593279083,5.899319798375132
-0.005125999450683594,-0.0014007091522216797,4.914956679002991e-05,-428.77051997461416,537.3577913722088,-0.11897886744169756,687.4552090027466,6.819803018397717
-0.009298324584960938,0.0012218952178955078,4.526219107514606e-06,-428.3398600962694,522.0170262917532,-0.11730096051809807,675.253708014557,6.721109303769734
-0.012874603271484375,-0.0011324882507324219,0.00010338827350619972,-429.5978152377384,519.9260205400215,-0.10788516766393648,674.4386300294511,6.187288490927872
-0.0035762786865234375,0.0011920928955078125,2.1129257301799598e-05,-404.5166332520075,488.6614838738961,-0.1104044371491713,634.3655838910194,6.326918905432513
-0.0171661376953125,-0.007659196853637695,1.9326667593855262e-05,-372.53275254880555,449.4255007072575,-0.10492450000024042,583.7448306757052,6.012838354019362
-0.004887580871582031,-0.0012516975402832031,4.1971171433452525e-05,-290.8842275575522,331.6572777774479,-0.06254772542259031,441.14416078962324,3.586125455841905
-0.007867813110351562,0.00095367431640625,-2.251166010314165e-05,-238.66078218815895,265.225665720535,-0.04527557577370708,356.79036060367974,2.5928095837444296
-0.0011920928955078125,0.003069639205932617,3.82037583632755e-05,-207.67917012883473,204.264224441143,-0.03915778575622712,291.294974076308,2.245764773025058
-0.016808509826660156,0.0006556510925292969,8.405263515998129e-05,-173.39203509029736,160.69364210894355,-0.01656544188015901,236.39205800655117,0.9539457667539902
-0.010609626770019531,-0.00035762786865234375,-3.8022184955410765e-05,-147.67611945928306,125.65396259277539,0.0006545463444280021,193.8920085620038,0.0396812537572517
-0.016570091247558594,-0.0022351741790771484,3.192256364692447e-05,-140.97902509550738,117.57224375658618,-0.013535492146331707,183.55972275166724,0.7773556017854855
-0.0059604644775390625,-0.006288290023803711,1.3708305161452827e-05,-110.74204736055579,87.41148972578301,-0.003624613609932616,141.08277305991922,0.2084604902448452
-0.009894371032714844,-0.0036954879760742188,1.8115261047224607e-05,-117.37344502565261,96.36001303831037,-0.0016986031350340882,151.85574517679146,0.09836071870792723
-0.003337860107421875,-0.0024437904357910156,4.1825055328681415e-05,-128.58589719807173,93.437404686898,0.003521658518687868,158.94804135115416,0.19937977085887357
-0.011205673217773438,0.0004470348358154297,-1.2255257043625178e-05,-116.60537766421871,75.11993975123403,-0.007734031913944912,138.6980141466925,0.44242521278308206
-0.0029802322387695312,-0.0018477439880371094,3.9851015799063916e-05,-111.7185708858133,52.50157172969586,0.00730057087472524,123.43817177642676,0.41600860414329244
-0.015497207641601562,-0.008821487426757812,-2.3962379820607893e-05,-100.90247370313494,15.706735413711277,0.005632047170651294,102.10367650146166,0.32406547612772596
-0.003337860107421875,-0.0046193599700927734,-3.3207342371666115e-05,-112.8962026979916,24.386014662782742,0.006383887149086819,115.4976275052291,0.3676724310972205
-0.011205673217773438,0.003993511199951172,4.411185948405283e-05,-112.61940145228316,53.01199834731532,0.004026047932054108,124.46065375580328,0.22814813124916286
0.0011920928955078125,0.007748603820800781,2.6961296694771875e-05,-119.0021560185294,61.151954276339126,-0.008142991781362971,133.79241663507017,0.4681038301926247
-0.012278556823730469,-0.0002682209014892578,5.950082707872895e-06,-137.8930057303546,74.08160867892332,-0.010598996188432965,156.52226490471713,0.60761866329937
-0.0025033950805664062,0.007092952728271484,3.691146361406439e-05,-155.60993899930503,98.75518578488263,-0.008508737515962253,184.29557741115397,0.48962961973000163
-0.26547908782958984,0.023156404495239258,-0.000287585611249197,-154.86725312003338,123.18999800247418,-0.014669343976392982,197.66582760590217,0.8240140562997056
11.872291564941406,-0.11831521987915039,6.317810308908989e-05,-148.9902042558106,122.71236465225859,-0.012431250279623154,202.39594481988277,0.7158780137578785
36.02337837219238,-0.4737973213195801,0.000349478255543767,-110.77401210162748,89.82055923914362,-0.013604332253730951,172.34426209361078,0.7994944503067353
50.556063652038574,0.050902366638183594,0.0005373140450128933,-115.76177192625912,88.51483134255865,-0.023537583517918913,188.3812335698712,1.3793900225657838
61.391592025756836,-0.5234181880950928,0.0012305100030534089,-127.27776887584113,95.00393702084615,-0.022868480226695544,211.47482908429706,1.380770430691621
72.94011116027832,-0.5674958229064941,0.0035549023318073303,-131.03568240540946,86.21096685414535,-0.028908592073723326,221.6678279438506,1.8600212176834663
93.22762489318848,-0.637054443359375,0.004399105759279598,-118.48929293494503,86.28074093909478,-0.03663586653565519,228.8640566991479,2.3511307249360254
109.50756072998047,-1.4011561870574951,0.00595343892854916,-101.91344361622075,75.5935126848388,-0.027880538066220133,225.00448909621645,1.9385440859430012
124.79734420776367,-1.5031397342681885,0.007008395922774691,-89.5238483825864,59.88713564650101,-0.021892543073061144,222.94021509067537,1.6559018284264528
140.6012773513794,-1.1313855648040771,0.006360844427020229,-119.20868360920197,93.38886961928189,-0.033694412431929936,276.4693372770361,2.294997165330287
156.33726119995117,-1.0755658149719238,0.006508653951325938,-136.86169780515965,110.07427258966403,-0.0545274659602981,313.5600678323969,3.497112068790465
170.82154750823975,0.5300939083099365,0.00588928504535402,-160.31397165017626,137.26485380742693,-0.05528899179385823,358.2556721295322,3.505257060769816
187.5554323196411,0.6476640701293945,0.0057715821203225826,-189.54940199741253,175.72258566755565,-0.07295348811531487,415.76349555683385,4.510614266373003
205.17313480377197,0.5266964435577393,0.006909787030493719,-207.03728270729718,180.13215727322952,-0.0738085917817527,449.6393553332368,4.624822435079928
221.1143970489502,0.6065070629119873,0.007533125044148159,-225.92738467289112,202.94799116072704,-0.08270003326474809,490.7019775708518,5.1699791432355715
236.8786334991455,0.7371008396148682,0.007796535878064725,-268.42000743548056,240.94526801819293,-0.09455883452787263,559.4878730675688,5.864530734758458
253.36706638336182,0.5457103252410889,0.008297986421535342,-303.53155098589406,274.8759598125063,-0.11320197197115946,620.8004154408517,6.961434826916517
269.4767713546753,0.6123185157775879,0.008021666172794317,-390.9040646336824,376.46804770066694,-0.12209029888876648,759.8489176815264,7.454866462181059
286.00621223449707,0.5569159984588623,0.009479344660373812,-496.26438946098773,481.7143465779406,-0.17908879773548433,918.4006572726659,10.8041587099046
302.4938106536865,0.39955973625183105,0.009627027692683532,-588.9992382177569,593.4588027659144,-0.22860227284255605,1070.7376531760794,13.649533477022914
318.1816339492798,1.0485053062438965,0.008583088500067726,-711.8545335388906,741.4960057583351,-0.29234182816477905,1268.5570571556755,17.241727675221732
334.98620986938477,0.5733668804168701,0.010535552330574127,-781.6752372393219,818.2805343349074,-0.34530713614584413,1384.0440018891586,20.3882842202873
352.1512746810913,0.806957483291626,0.011510616353478165,-889.281358453836,931.453599554876,-0.4193829493269112,1551.5341295026142,24.688382732829446
370.1094388961792,1.226186752319336,0.011406327775991931,-1004.0541541206597,1052.0904227530064,-0.6349716662560998,1729.925207307604,37.03473102817117
379.39441204071045,1.0422468185424805,0.012264638826555263,-1099.8563266974118,1162.8182093953274,-0.8638755523160346,1880.932251645044,50.199135214255634
397.67956733703613,1.3210773468017578,0.01226316937730898,-1337.4624487593026,1465.6241419875505,-1.9351140176049142,2270.440768031431,111.57649393413995
414.14737701416016,1.264631748199463,0.012323613434990222,-1447.0123357548678,1625.64796151046,-2.2765743317821587,2470.3312892088015,131.14419199710895
429.98695373535156,1.2680590152740479,0.0117999618457032,-1700.8231975510705,1918.762072911043,-2.5881590620421475,2866.5545859361155,148.96667897572704
446.7177391052246,1.3202428817749023,0.012325098809080393,-1947.3475402715949,2194.5363838128364,-2.6444928307128905,3246.8054457817684,152.22445429629474
463.11283111572266,1.2376606464385986,0.013287455671004311,-2105.400719759253,2330.1750300457293,-2.616427906596748,3467.161826568363,150.67159157865856
479.36761379241943,-0.767141580581665,0.015293575199472942,-2264.273853914916,2476.9766626896044,-2.676658137110749,3696.861217698408,154.2374717683909
496.96505069732666,-0.6851553916931152,0.014902614486097088,-2351.517727354803,2531.362899894364,-2.670869135702551,3811.1837388320027,153.883386021274
514.2233371734619,-0.7728636264801025,0.016310639655735093,-2379.54228426203,2543.6318947677287,-2.7000422229309913,3853.2940513722842,155.63555469449906
531.348705291748,-0.457078218460083,0.016422248702150366,-2390.0209688118625,2530.458164320318,-2.697591775801843,3865.2209170611914,155.501549143394
546.8759536743164,-0.7791519165039062,0.01728499026647512,-2413.4623427429638,2509.965817380815,-2.70676825886029,3881.680451825802,156.07675434386263
563.6439323425293,-0.5138814449310303,0.01781890156496191,-2432.93818905199,2506.3404888187415,-2.7018203784360786,3906.894322089011,155.82385254205758
581.3958644866943,0.009775161743164062,0.01750921768771896,-2431.9263643431486,2510.31230335961,-2.7014533185067844,3921.954823533368,155.78507797813137
596.9887971878052,-0.25457143783569336,0.017672503532144113,-2450.400692655594,2516.9030670891802,-2.7433807094637386,3952.5517428621874,158.1966961156996
615.3624057769775,0.12570619583129883,0.018263355378084656,-2470.9712802881913,2501.2418918444155,-2.7594669028153445,3972.5354367020987,159.15222042026795
630.9412717819214,0.25215744972229004,0.018130585671051636,-2486.1042760423998,2488.5497464593395,-2.7633776125204403,3988.4330054148454,159.36868043741063
648.6676931381226,0.2689063549041748,0.018085273734568474,-2494.511985666591,2480.920052984796,-2.7557666498368554,4004.1489238697277,158.93000821488758
666.5316820144653,0.3750324249267578,0.019053774985427596,-2508.2769223934743,2492.7600249559177,-2.7651482746316653,4036.2597321798307,159.52302675473285
681.8867921829224,0.4374682903289795,0.01875196444630345,-2536.481286721655,2497.6003752399556,-2.778929474062818,4073.538471054011,160.2953388486616
699.1022825241089,0.7365643978118896,0.018615482651516357,-2557.6999393325627,2475.6469767914255,-2.7732181274364205,4090.4696871710075,159.9602829608111
717.2955274581909,1.0783970355987549,0.018416724811875396,-2567.227838286961,2461.2374437971157,-2.7518085904496568,4103.714935943821,158.7222188647837
734.1375350952148,1.1074841022491455,0.019429009771420702,-2598.165750902006,2452.7930311517634,-2.763346503205762,4137.0287902647415,159.4412922259452
751.8501281738281,1.6475021839141846,0.019111998671412556,-2607.6395165731797,2459.1301507273765,-2.759460042269315,4162.378123267343,159.20045101895508
768.8874006271362,1.268237829208374,0.021262599436194796,-2625.463703931603,2464.028052493317,-2.7685456592882254,4193.662519295458,159.84423887565052
784.940242767334,2.9680728912353516,0.01602674996197595,-2680.8682143226174,2454.212398860084,-2.757918431924311,4245.047350363799,158.93535152273373
803.2563924789429,3.6439895629882812,0.017316719317574503,-2705.6475542168373,2441.303284636907,-2.7499092060084696,4272.53902802508,158.55036648036622
821.3047981262207,4.649907350540161,0.01573770710004796,-2733.1246718157063,2427.2418310683274,-2.752369223684923,4301.50211968497,158.60084437489073
838.8329744338989,4.522562026977539,0.016942378876473096,-2759.848829662631,2428.4978096496075,-2.7584251204126886,4338.913081432105,159.01684430704648
848.6214876174927,3.6149322986602783,0.024075945616513605,-2756.5125032013484,2417.7602496803747,-2.7520429853178303,4338.7888523404135,159.059898168908
851.2527942657471,4.047751426696777,0.08220676486556777,-2758.899172952975,2411.494323471855,-2.740006067075451,4339.239129578501,161.70088415788427
857.6292991638184,4.165828227996826,0.1525603740469128,-2765.200272518591,2401.354467598752,-2.69030289112288,4344.1233267697135,162.88406682700972
862.2276782989502,4.677891731262207,0.20100326006705194,-2773.0590129173993,2409.470970371737,-2.6189260865184023,4358.708418604283,161.57005008443048
865.8379316329956,5.457133054733276,0.2605658194485936,-2776.8800578952814,2405.901069168603,-2.575526671102537,4362.513660913714,162.4961300173261
870.8531856536865,6.252586841583252,0.3253983196508323,-2779.7380715795803,2420.7725981151784,-2.523383769126116,4376.8394318536075,163.22319043938214
874.0254640579224,7.824122905731201,0.3833775029901916,-2791.8436940737397,2418.481580431261,-2.497227118761314,4387.466930025159,165.04648727224017
878.4772157669067,9.260803461074829,0.4432278247083439,-2819.7762785275736,2434.418755805937,-2.4223556274466116,4422.495901850318,164.1858376510076
882.555365562439,10.297566652297974,0.49589645531211235,-2821.916819295493,2443.9603306298177,-2.3688654110792386,4432.361516974534,164.13876425424505
885.9043121337891,12.861967086791992,0.5542100246781778,-2821.5368520626594,2460.138515583476,-2.281702798619843,4442.328498749294,162.48583584200617
890.286922454834,14.685600996017456,0.6175430493002281,-2799.886844635852,2446.6720432085026,-2.232468770545822,4419.495501347366,163.29364883957777
892.6849365234375,17.661869525909424,0.6800400832368159,-2798.873376309896,2442.959301382037,-2.208120200414371,4416.975255762342,165.47939481051972
897.1126079559326,20.05082368850708,0.7449765323742208,-2810.117037080354,2458.1502275463004,-2.198338399175186,4437.102697045404,168.6395233556178
900.6552696228027,22.78923988342285,0.798707916349217,-2822.0099517370886,2472.5085020614315,-2.134622770620774,4456.38427582367,168.0674682795909
904.9258232116699,25.96697211265564,0.8540791794728249,-2820.3119075154755,2510.5360363434897,-2.070858865546348,4477.776187502677,167.58660531684455
907.512903213501,29.251784086227417,0.91893035297541,-2824.712535025138,2541.2697947320603,-2.012394056602266,4498.85998978015,167.95251705247873
910.36057472229,32.45553374290466,0.9800905408948062,-2837.5103458564718,2555.716507963462,-1.9747593009317868,4518.117127891261,169.30042503156264
913.2063388824463,35.74305772781372,1.044022204855475,-2844.1213494018434,2547.1790843036856,-1.897254823352141,4519.382952653046,168.5227600950776
915.2007102966309,40.00052809715271,1.1125125097050816,-2853.6105636190687,2553.266456268511,-1.8567328661827043,4529.949673462291,170.1252283771058
917.5512790679932,43.360352516174316,1.1712560739675155,-2841.818761177415,2560.416778736026,-1.8057746084421582,4524.205582449743,170.57129358302566
919.640064239502,47.5732684135437,1.2343283958081324,-2820.2488885629073,2574.365085202052,-1.7338522884792151,4513.473857759993,170.06422604191766
920.8447933197021,54.24359440803528,1.2641910204950493,-2811.1090093744756,2576.640066319563,-1.659692568728234,4504.438161075725,167.52618945005702
930.2966594696045,80.3033709526062,1.2777321724978024,-2823.0423517907734,2573.002400880534,-1.6312790967017337,4505.674443105345,166.67406828112837
935.3961944580078,97.09951281547546,1.2820286275755282,-2826.360785685874,2561.3579209234663,-1.6326097690035377,4497.041814303281,166.99647893075795
940.5570030212402,113.019198179245,1.2893827646408085,-2813.9758770909293,2547.770875670868,-1.617397106652403,4474.877973631421,166.54621859868166
945.0409412384033,128.41489911079407,1.2977710751016074,-2816.780313645184,2580.442064767618,-1.6277856383339484,4490.4049232572515,167.62205240602137
949.1534233093262,145.51439881324768,1.3007770381430268,-2798.0418686344274,2577.9394449887095,-1.6340884794935884,4467.4561174372075,168.15540759905574
950.9129524230957,163.33317756652832,1.3055156110981956,-2745.088635510146,2568.295152193107,-1.6337348980396165,4409.565719819222,168.40664910527505
958.5373401641846,178.9325773715973,1.3277934751248808,-2728.217436101327,2574.5751552357965,-1.6522672919022707,4396.733348884418,170.74490464317466
962.6624584197998,196.74068689346313,1.3342643001021195,-2728.387370612219,2576.300796161567,-1.6367477461170572,4391.600523045934,170.22645113088552
966.5865898132324,213.49436044692993,1.3383560018513296,-2739.5345416121977,2590.4409468942354,-1.6343496141461535,4402.863717584455,170.32348553149336
973.8197326660156,229.5002043247223,1.3508620142450114,-2743.3939422725603,2591.9353990344157,-1.6386856775784993,4404.404335929364,171.28846539456404
976.2086868286133,246.99251353740692,1.3581103122520146,-2731.4550064143405,2590.1876316113116,-1.6323457004209563,4386.038465809136,171.34050834568188
979.9726009368896,264.33898508548737,1.3622925522264093,-2714.6055820302136,2576.445474844223,-1.6028135378686457,4358.4107619682845,169.88806477098387
984.4298362731934,281.4170569181442,1.3675507110097687,-2696.385328168321,2572.1151861620783,-1.627597257952453,4335.400580581253,171.6093376387158
988.2543087005615,298.2790768146515,1.3751288034858578,-2690.7179241024523,2557.9901808462146,-1.6136069864844444,4317.537604169666,171.24194684499636
991.6720390319824,315.23920595645905,1.3829154907357222,-2704.5355645885957,2545.2756506301207,-1.6067441186365548,4316.829066992961,171.29487779776179
995.4421520233154,332.2875201702118,1.3890477332184406,-2707.6120815272707,2521.076992737415,-1.5818868758950453,4301.559021080373,170.22201431155167
999.0344047546387,349.78068619966507,1.3961498872051645,-2707.6120815272707,2521.076992737415,-1.5818868758950453,4295.783493735514,170.62893776044302
1002.058744430542,367.8137734532356,1.4014714222870583,-2720.026769052874,2501.524664415918,-1.589088194985342,4290.296345929482,171.34644445196733
1005.387544631958,385.6210634112358,1.406163920879535,-2712.0144395384946,2496.757058541026,-1.5913090072844849,4275.040666689273,171.7425479885189
1008.0316066741943,400.29485151171684,1.4112798072020405,-2701.926149913344,2489.6773010411553,-1.5980549778308313,4257.852225719638,172.4221823242924
1010.7591152191162,418.6122938990593,1.4241497198927042,-2691.4008093892694,2474.0157960326646,-1.581568388045474,4234.46238192754,172.21496199090484
1013.9474868774414,437.0373971760273,1.4269973421738948,-2671.8062539217217,2469.307131662947,-1.5962502870529245,4208.907329881065,173.2193295776287
1016.6900157928467,455.06760012358427,1.4326773027458282,-2656.289017569924,2459.2915222023003,-1.5810010260059786,4184.218984393038,172.67104904751795
1019.3371772766113,473.3871128410101,1.437395493926424,-2657.4705081611496,2449.6714992471616,-1.5830656117698034,4174.280145324093,173.05967353981188
1020.9884643554688,489.5488955080509,1.4408262014685087,-2664.93864203635,2442.6543622722334,-1.574807346326275,4171.4121826952205,172.78307484670415
1026.1445045471191,509.2019960284233,1.4577446827878358,-2653.239571195316,2435.1257027022266,-1.5860030105812404,4152.956693821304,174.39389673272748
1029.4334888458252,525.3331884741783,1.4603309903949395,-2638.376072815547,2432.367916904333,-1.5782835789527037,4133.957962540652,174.09979039058217
1030.6150913238525,545.5363094806671,1.4669863818028068,-2642.3434050899664,2405.3484850264804,-1.5625580847127374,4116.980136542671,173.58011177855323
1033.1473350524902,562.0350018143654,1.470910173228943,-2647.930188403919,2400.1921008798654,-1.56125983266773,4114.505225970781,173.7305441040373
1035.247564315796,581.8269103765488,1.4738826111396583,-2646.7706230933154,2384.7012913157087,-1.5669117779825001,4099.709009900365,174.22468486376104
1036.045789718628,598.082110285759,1.4762920303967146,-2639.2986643042577,2375.706585649094,-1.5637540673648582,4082.6591372691837,174.18181092695337
1038.0158424377441,617.1423643827438,1.4809952052645083,-2631.0404965895295,2389.461411002456,-1.561811047861464,4074.6888497119903,174.33995618013387
1038.7885570526123,633.6266994476318,1.4828453065196616,-2636.135312205953,2392.8888293224377,-1.568432499619527,4074.3181866979885,174.8253404137125
1040.719747543335,652.0178914070129,1.4866176128165864,-2632.1216039688065,2389.6147759130145,-1.566898053426764,4063.1276778391416,174.95356035282165
1042.1056747436523,670.8142757415771,1.4897274522445871,-2596.049151718587,2405.148170607004,-1.5768779189265953,4030.3950923190605,175.70354520025805
1043.623685836792,688.8591051101685,1.4932235607714894,-2586.3233908329034,2413.845422469702,-1.6005608159692046,4018.966729708082,177.26078751075363
1045.1650619506836,709.9915742874146,1.5024361892224662,-2585.424903618248,2425.944230594322,-1.605857541811014,4015.678898614349,178.0921122751903
1046.8149185180664,730.0866842269897,1.5051012234697356,-2576.520708643915,2427.4293680813116,-1.6015419716343389,4001.191479234042,177.99754353250063
1048.0670928955078,747.7108240127563,1.5105687467761186,-2575.726972011677,2427.2974061492714,-1.6043833550618098,3994.1074737354725,178.4736088207183
1049.208402633667,766.2598788738251,1.5140853540037786,-2578.400741744752,2428.513877930456,-1.5988511771775689,3990.3178396911803,178.3581251287858
1050.1222610473633,783.0905020236969,1.5156086381798752,-2579.3273949261593,2408.1523751959558,-1.5957695565679146,3976.648198783047,178.26883902808146
1051.2876510620117,802.6668131351471,1.5198559398942828,-2576.400678861007,2389.316553163794,-1.5998010833762712,3959.492393804114,178.7431809617484
1047.8947162628174,817.3749148845673,1.5219661270942038,-2585.6477896816145,2368.1736512030816,-1.594374023051636,3950.646512037244,178.55313813052192
1053.3597469329834,834.8150253295898,1.5347353389497715,-2588.2652239599,2371.757579219487,-1.5813723281002903,3952.673126200571,178.5398178303257
1051.0873794555664,853.5419404506683,1.539971543223819,-2588.944586837606,2349.5100395928976,-1.5480216247533691,3935.4482933062854,176.92897569032556
1051.5761375427246,873.4775483608246,1.5410580326528371,-2583.698144832116,2342.3833210261823,-1.561313013646196,3920.8294118802883,177.7527674365199
1053.2810688018799,891.788899898529,-4.737674583765536,-2574.298273639103,2329.4436795196343,-1.5782825459616643,3902.0742113742485,178.98017040660156
1053.3668994903564,909.8476469516754,-4.735389631391346,-2563.165282929813,2333.9121597254207,-1.5843152969649195,3886.806499302779,179.45673970537086
1054.0573596954346,927.8189241886139,-4.729710718552163,-2556.645909238947,2337.539908900016,-1.5764329698327704,3876.1438764613877,179.33049336586507
1055.3371906280518,945.5881118774414,-4.724403933592309,-2565.358807468269,2328.4923874283695,-1.5762616646176792,3875.8049158810545,179.62473468101493
1057.1191310882568,954.676628112793,-4.713390075950874,-2558.662919977542,2336.8875485922977,-1.5902304929259963,3870.967174945093,178.9438628531635
1056.0331344604492,958.502471446991,-4.64350446789103,-2546.076230921493,2341.802756939839,-1.5756795158682568,3858.5893225396367,175.77342203582919
1056.1339855194092,965.5919075012207,-4.573038570331244,-2546.106946870185,2329.359636398095,-1.5351050074008736,3851.7531272608308,174.06077159705112
1055.3178787231445,970.6478118896484,-4.518553248746214,-2534.5616641103857,2333.987937926575,-1.4948818083288562,3840.043154876916,173.24361217015695
1054.3293952941895,976.1356711387634,-4.447974278217907,-2527.2330680851614,2340.145046607465,-1.4350281850264135,3832.507176177819,172.62909504030256
1053.6894798278809,981.3839197158813,-4.389572911941552,-2519.1301687886335,2361.2824635310626,-1.3771893555059591,3830.0339727949527,172.59686405836848
1051.438570022583,985.8524799346924,-4.324906155398028,-2503.2333813635537,2405.9160319843954,-1.3282078020493548,3827.828780631566,171.69816812068245
1050.1692295074463,991.4565086364746,-4.256678177463122,-2480.256985964628,2428.0010534829685,-1.279646689789094,3811.504885503978,170.5713397212746
1047.8534698486328,996.7545866966248,-4.193923312476369,-2450.7334548111744,2452.8939120914506,-1.2441036864853996,3789.5187299130566,169.01221489414155
1045.5403327941895,1001.3848543167114,-4.122158489980431,-2442.14578704275,2459.007861528563,-1.1789142474569736,3780.0290080443256,168.635473172773
1043.2958602905273,1007.0674419403076,-4.0553138865068,-2417.193752624425,2469.2400645050034,-1.1244992161387297,3756.7189326951247,167.923311147116
1038.926124572754,1011.6296410560608,-3.9899061194050534,-2396.4968501302374,2506.9347537988288,-1.091020768630937,3746.741036595912,166.0938958916581
1034.9574089050293,1015.4931545257568,-3.92421327054915,-2360.4305438746474,2548.5437409463466,-1.0643493200583052,3725.440034466516,163.85813434473604
1031.4610004425049,1019.8515057563782,-3.8589999554212575,-2349.0910374920327,2527.988397151887,-0.9985357051521399,3701.703521943845,163.8925289884737
1027.0256996154785,1023.7830877304077,-3.7956167806499277,-2330.522010358388,2513.169200527448,-0.9481286105185787,3673.0637916790165,163.14905436195602
1022.3524570465088,1026.9522666931152,-3.727655207225399,-2303.0042024191466,2529.1075469598704,-0.9031396824292923,3648.8994777447456,161.83281873999576
1018.120288848877,1030.7729840278625,-3.6630829490093797,-2311.81590378726,2489.5761402811063,-0.8345474780690102,3635.4616894862856,162.06314468793187
1013.0083560943604,1033.2677960395813,-3.5956166464468735,-2351.3962949959478,2374.470468802103,-0.7131783253753892,3621.8839387400903,165.15155050417098
1008.3959102630615,1035.6903672218323,-3.5278306367155654,-2481.34062920525,1963.0551474990127,-0.48488000003899057,3610.8539918693486,174.3482287482145
1003.4575462341309,1038.5390520095825,-3.4610892555976824,-2529.656813396525,1625.0502613956212,-0.28320570648587845,3581.465129938279,177.9206848518386
997.8303909301758,1040.3525829315186,-3.3967656319012054,-2515.05414060376,1518.3764189633257,-0.20018195690838209,3545.2594432149763,176.84924656249282
989.0289306640625,1041.8519377708435,-3.3707148183231443,-2496.493385101302,1515.8447187400945,-0.1605244944763415,3517.6035834228555,176.06964300984325
963.2847309112549,1049.3354201316833,-3.355550248983583,-2403.8036979334174,1523.909102511603,-0.09377538572311982,3400.3683135312444,173.11406661331426
948.4598636627197,1051.9166588783264,-3.3520578426773993,-2389.594928843573,1532.4809084376413,-0.1172505520278099,3372.4696878887935,174.65919470762995
932.1417808532715,1055.751383304596,-3.3378379538943532,-2375.3660333473035,1549.7269789925517,-0.11428032950727461,3344.191954737816,175.30375310540254
912.8975868225098,1059.596061706543,-3.3265603938273163,-2365.2179644886514,1574.1059768462246,-0.10336531758857151,3318.2468293550924,175.32452558417233
896.6296911239624,1063.8704299926758,-3.31717494764288,-2329.933324796296,1586.2224980384206,-0.09213045036358816,3268.5716419708624,175.2185615640063
879.2147636413574,1067.6060914993286,-3.3031621513136926,-2310.01162975789,1593.9150793741182,-0.09219956119695631,3232.3623155630553,176.02539541191578
862.2574806213379,1071.3040232658386,-3.2928044895747166,-2303.0242996573293,1587.572268821547,-0.06725554458195743,3207.1079885051045,175.1896588390396
845.0123071670532,1074.9476552009583,-3.2834614063086986,-2287.6163188570977,1594.0339307786962,-0.0696024239722554,3175.344496283691,175.85944436191204
826.1582851409912,1078.1956315040588,-3.271242516897133,-2270.8786480786935,1602.6275997853695,-0.0724433852876999,3141.125061993266,176.72231024866673
810.154914855957,1079.2664289474487,-3.2633676535173457,-2259.606804415269,1622.623942610278,-0.06679030555602125,3117.4788532974662,176.84960907469454
792.1375036239624,1082.6144218444824,-3.247170435783327,-2235.4852697006554,1630.8070220734235,-0.057052906090395,3076.851440108803,177.21972939789495
774.7513055801392,1087.0234370231628,-3.2342053532525696,-2184.8748901014756,1617.6689855473385,-0.06890115528032767,3006.820898612578,178.64142858114857
757.064938545227,1087.7875685691833,-3.2332501366734703,-2138.458699493516,1598.6082952748038,-0.03709048344256803,2940.237227380331,176.87354121987258
739.2247915267944,1089.5994901657104,-3.2303574081338073,-2101.9408746493427,1596.868439078893,-0.05721733928372928,2886.0949619147286,178.1924662510391
721.4200496673584,1090.691864490509,-3.2270741462256267,-2074.6392621657615,1591.2418431641436,-0.06289504269579332,2840.5101577778023,178.7058917442522
701.6267776489258,1091.9983983039856,-3.2183296506787564,-2064.9947345803294,1589.432928025857,-0.05158078463897053,2810.98482800767,178.558655198081
684.9604845046997,1093.8717126846313,-3.2097227832110717,-2061.829899549211,1594.71436569354,-0.05431066878704482,2792.078218281865,179.20820321905208
665.2907133102417,1094.9788689613342,-3.2014782211054253,-2035.8494420581926,1602.4466959632928,-0.029961027621073243,2748.396211317775,178.28545016017094
648.3381986618042,1096.4178442955017,-3.1908038669465406,-2016.102392982071,1601.0593707174237,-0.005320579549946287,2711.808757377447,177.48525192271612
628.1344890594482,1098.130226135254,-3.1799570354366447,-1992.5306036579161,1611.8136131562217,-0.024585784704874415,2670.5348060432843,179.21054453615372
610.862135887146,1098.962128162384,-3.171764483922666,-1983.5505530832563,1622.704145218588,0.014203774708560081,2646.749497236324,177.45746511778646
586.7769718170166,1099.9433994293213,-3.158547920461678,-1971.9473327242197,1628.6859690658937,0.05180672258866958,2612.7837207843895,176.06022821298723
570.5317258834839,1100.0704169273376,-3.155226928341367,-2012.3713678673726,1621.0745701489827,0.05177302857394025,2634.925752157345,176.25243757011606
552.043080329895,1100.3041863441467,-3.1425539159953053,-2038.8847963126398,1609.821438998471,0.0806506667132123,2640.5520431750265,175.32398090357626
533.9202880859375,1100.5740761756897,-3.132899256960824,-2041.9389712748682,1624.8298824373135,0.10503881942004747,2628.6679277599565,174.47981389866771
515.6649351119995,1100.2177596092224,-3.1283404824767485,-2054.2473296666512,1627.614901087428,0.13522916987424383,2623.4703721405194,173.01123277331084
498.5835552215576,1100.13347864151,-3.12096665335266,-2048.333676101067,1620.5594155667281,0.14194163640393073,2599.5442944932856,173.04912605869788
479.83503341674805,1098.5583662986755,-3.113447915367928,-2023.8118604057372,1628.9958243436974,0.14267361797334513,2559.2209099341626,173.4379785578789
462.1434211730957,1100.3074645996094,-3.0944734246511056,-1976.2277610307929,1641.8223438923505,0.15115052272118637,2497.7774894289164,174.03944592897727
442.8142309188843,1098.689079284668,-3.088258221275354,-1950.731365849462,1645.3932428993915,0.1642041472790025,2455.1875623509527,173.6476332567121
424.20804500579834,1097.690463066101,-3.0835748230231177,-1966.368535008312,1659.3085096476284,0.19079539815398494,2455.66105461605,172.39240576323417
405.6439399719238,1097.4105596542358,-3.076573744361646,-1956.8527504738965,1663.8444822247911,0.20255657796233953,2429.4522018360685,172.11967205746237
388.55111598968506,1096.4463353157043,-3.069744972357574,-1921.946595800858,1672.604974691382,0.205373751281474,2381.2514470161623,172.3495197312095
368.7248229980469,1095.3181982040405,-3.061548188986283,-1912.110818182016,1663.3382880662448,0.2033330742722863,2350.501658064579,172.93608300394337
350.34990310668945,1094.1930413246155,-3.05348543552669,-1917.2504891326184,1655.7101556524487,0.20454018188279272,2336.0892552655005,173.32888257693241
331.2249183654785,1092.6464796066284,-3.0458001414383187,-1895.8445317257278,1665.7055469093864,0.21138524461044306,2299.6162788925144,173.37702428771624
313.32314014434814,1091.028094291687,-3.03982545142658,-1854.4997025844434,1665.7547966798822,0.20093059122751397,2242.714127991962,174.31835632440183
291.6426658630371,1088.8704061508179,-3.0318616459697636,-1834.9661208232358,1651.3194550907522,0.19982912200857414,2199.730407178274,174.8377583034495
280.5553674697876,1087.7118706703186,-3.0275722058401318,-1833.8358592288423,1643.5578690150808,0.18422568169068204,2186.2330693263293,175.97753639545093
261.37077808380127,1086.3035321235657,-3.010083407080746,-1803.7954057164382,1646.0673986825363,0.1791089753411571,2139.6838441735013,177.27273643195295
239.99547958374023,1083.3027362823486,-3.007582231082334,-1767.6783941264507,1627.4701969478583,0.19631580322548534,2080.1136046922134,176.43016464390135
221.86362743377686,1081.610083580017,-2.9999032887346972,-1749.994530714196,1627.345441626169,0.21390693741552405,2045.9842807012171,175.8622378856077
203.3911943435669,1079.8981189727783,-2.9917783036576253,-1741.6305773987071,1626.3246765931844,0.20264775877435032,2020.3196963412356,176.9728686560538
185.77110767364502,1078.5558819770813,-2.9872729599764813,-1711.3297486496822,1635.2586926180134,0.25805884307255283,1977.0962744485194,174.05618456570866
166.88036918640137,1074.6238231658936,-2.981095519059863,-1694.841416853711,1625.7641765630012,0.22797531096450696,1941.5879320182937,176.13378528105966
147.38130569458008,1073.5220909118652,-2.9685531207598035,-1650.6679463918317,1635.5018073377655,0.21502855608449903,1883.8265086261633,177.59420618163998
128.2268762588501,1070.0755715370178,-2.9652212432923513,-1557.0341795744546,1669.226513601106,0.1938791829259986,1788.599082434258,178.99687851970904
109.20214653015137,1067.2016143798828,-2.9603144322042785,-1531.065948222299,1694.3524217600825,0.2376595655823722,1756.074473893539,176.76958693424567
90.30187129974365,1063.1590485572815,-2.9561549091879957,-1551.9424367585946,1746.5322232649812,0.2226375421965869,1778.7538512284634,177.86860858761852
70.96195220947266,1059.5291256904602,-2.9517472235855244,-1620.8459357875142,1762.6538599671185,0.24321285054864822,1832.1021592259658,176.9422720393073
64.064621925354,1060.6361627578735,-2.928025346151318,-1735.5120953509972,1726.2475632802248,0.255915061933391,1918.7274162497533,177.57365239558519
60.61899662017822,1058.0646991729736,-2.847299226398282,-1800.1836826898623,1675.3382894973097,0.20721027784118798,1960.5135288080319,175.01050307551907
52.57678031921387,1056.729793548584,-2.779009239296947,-1818.3283210555642,1645.1808132118283,0.19893396136512867,1961.2650256640177,170.62357702761696
46.5998649597168,1053.9407134056091,-2.7186063815461194,-1793.830504589336,1568.2468514885204,0.2586081763390385,1910.9408020208846,170.58182887172688
41.56088829040527,1051.898181438446,-2.6491742304182244,-1705.2154781531892,1529.02670147345,0.3516924402901958,1810.767599388911,171.93699511306707
36.4680290222168,1049.7168898582458,-2.588283155067078,-1608.6947990435676,1438.2022295553472,0.3834686539414142,1690.4087050204698,170.26883641655408
31.56137466430664,1046.1292266845703,-2.5145799360082774,-1605.8803917110445,1349.5078322323816,0.4369187226429966,1665.3090153405656,169.10841637924162
26.696443557739258,1043.5539484024048,-2.4518592544363034,-1661.435944934022,1212.4244395546277,0.5069816101806156,1696.5577514063268,169.52909379338885
21.929502487182617,1039.6100878715515,-2.377795046246628,-1699.7925582104635,1183.429179409594,0.4799419392354011,1727.718375599385,163.7362682265589
18.41294765472412,1035.8602404594421,-2.3160445560174097,-1784.9255246147256,1099.3603565043195,0.5967438933556544,1804.4561259018813,166.89048476353202
13.3819580078125,1031.4942002296448,-2.241488784744618,-1779.8187666589001,1095.4928237401543,0.6293122861353698,1794.3424039899585,164.4847851830604
9.902596473693848,1026.7829298973083,-2.1730760656960393,-1656.5900862560306,1183.265077886254,0.8547565067627757,1673.8233252738917,173.48202747412913
7.05564022064209,1022.2567915916443,-2.1050073255359374,-1537.3788227400973,1265.4722301188517,1.052261175910369,1563.4677994505705,179.10184007753261
3.0263662338256836,1017.62455701828,-2.0371846447651425,-1443.8897780801276,1382.9926470238454,1.2181553663843443,1492.3337997481233,173.48275648106406
1.138448715209961,1012.2510194778442,-1.9696237583533738,-1488.6324318551844,1348.7041974750118,1.1938405367744296,1527.2910716624654,178.746847248849
-1.3397932052612305,1007.3484182357788,-1.8989739093501923,-1534.3590124585548,1273.6316414822113,1.239015804898369,1555.9738691836978,179.79356678190578
-3.494739532470703,1002.2504925727844,-1.8296700033399091,-1537.399028669576,1203.8008585970967,1.3349579479845928,1547.0891759293459,178.68017465997394
-4.722237586975098,996.8085289001465,-1.7628497793205744,-1452.0454342804953,1127.2117785339544,1.5329713051988516,1453.185963048848,171.16336182680712
-5.806207656860352,991.6661381721497,-1.6927221148279772,-1414.646259674126,1090.961249693329,1.6429141561701115,1412.3348793186462,168.8821196810534
-6.919741630554199,986.2527847290039,-1.6230263321016,-1440.0424248665752,1103.9637068553657,1.656194163018264,1437.9487078451202,172.11450553683167
-6.003975868225098,978.528618812561,-1.5934492514351484,-1491.5169753010814,1163.3366581102223,1.7361005294251781,1496.964556318234,169.23084987799518
-7.902979850769043,950.0520825386047,-1.5730361711806573,-1490.3116225882245,1187.1546569467432,1.750084635958619,1501.2504837147171,169.59920293881186
-7.625699043273926,928.6961555480957,-1.567584824495313,-1457.485287811767,1240.244737598588,2.0368045842802505,1482.9549373199497,153.48369915550617
-7.686853408813477,914.7613048553467,-1.5504465461362515,-1412.2776925548317,1243.4458412430238,1.8561456358417405,1442.53559743713,164.81664545039897
-7.480621337890625,895.7102596759796,-1.5358319798487505,-1390.7828049851116,1215.9052204743361,1.8364679677259683,1419.8766651381488,166.78144575177984
-7.293939590454102,877.5649070739746,-1.5266070583885458,-1399.5522502086794,1171.7004203558668,1.9202439618022953,1422.9894249990464,162.50998393270274
-6.711483001708984,859.1243624687195,-1.5113942783431316,-1437.0905682426417,1183.9707134989444,1.9205343815699512,1466.802467707339,163.36497219699197
-6.551027297973633,841.0936892032623,-1.4957830022591834,-1447.9747775490978,1210.2139255025784,1.9093771339830075,1487.9355418275613,164.89869562713008
-6.954073905944824,823.4872817993164,-1.4843788029823395,-1457.7021288170572,1261.2593152281438,1.893947565837323,1515.359453093815,166.4361572488766
-2.727985382080078,805.9630990028381,-1.474610672767934,-1468.9989053128688,1318.3328490492256,1.9363647794029244,1553.2138202441024,164.56550256788222
-2.9592514038085938,788.2788479328156,-1.4550647435312984,-1466.3317511344333,1328.4859503001403,1.9320614729637635,1559.898325666118,165.9319631167182
-0.24068355560302734,767.8472697734833,-1.44810743235512,-1462.931275093159,1308.0056592090982,1.9890172633555876,1559.241755549845,163.06726127558915
2.7344226837158203,750.1847445964813,-1.436971807260044,-1424.882724290409,1304.09670161846,1.950735793302646,1531.3096272362616,165.89865226336698
4.772186279296875,732.2338819503784,-1.4242180239919213,-1397.0525082949919,1297.06713100864,1.961016961350517,1511.3401581245732,166.0403226798472
6.690859794616699,714.7686183452606,-1.4106011170878183,-1368.7459681014113,1278.8202132935771,1.9596671873568112,1486.6003730984423,166.8978503286107
9.449481964111328,696.6904550790787,-1.398999864127621,-1359.7916184100302,1278.241016383901,1.9789961911508196,1487.6230188820498,166.45508282070466
12.205839157104492,678.1029254198074,-1.3885797481924405,-1384.0532422027964,1288.1136403541311,1.9728150072109913,1523.6969825443243,167.4062672379737
14.77658748626709,659.5302075147629,-1.3787657741984503,-1415.0816043104155,1308.3141139467407,2.0297125203492765,1570.164006049437,164.70857916046657
17.962217330932617,640.5908018350601,-1.3657970601096947,-1452.3067308537597,1354.3670440967762,2.051339979469878,1634.3706140326244,164.21246961426195
21.6902494430542,621.4574575424194,-1.3559569307004629,-1453.2366438573342,1371.1418257519358,2.065936383989885,1654.519867671113,163.93995512421142
23.242473602294922,610.4118376970291,-1.3485584778643718,-1459.7739614251182,1368.2159102954595,2.084442001288776,1665.4142905019714,163.30356147813532
26.738762855529785,594.9317663908005,-1.3286346711044077,-1513.624976387258,1400.9782611254523,2.109025926151642,1738.5141359356392,163.03655637880652
31.994223594665527,574.5047479867935,-1.3177081521205194,-1550.2646126908053,1423.076436435761,2.1337842429270992,1795.4433812962702,162.24405274227124
35.558342933654785,557.0930242538452,-1.3115080437244035,-1553.7711736301503,1459.4184746610297,2.1479517673193103,1827.6103333789363,161.78755343206993
39.034485816955566,538.8692542910576,-1.2976639497311253,-1583.6722578586282,1462.1181018186646,2.1349371980208254,1866.9669548310897,163.32644148205094
46.965718269348145,523.1158211827278,-1.2929613922109164,-1598.9532770397916,1455.5239578914022,2.1533157675958385,1891.6749912498155,162.54286371074062
51.51677131652832,503.6102533340454,-1.2815381907344716,-1604.4827131343827,1464.2086197203541,2.164536262165171,1914.440783624745,162.5544779609963
57.08277225494385,485.1525314152241,-1.2739956570236535,-1612.9143389216454,1481.0556697952268,2.185259537566693,1944.4056707316229,161.79927709126684
63.07411193847656,466.0506136715412,-1.2577893678253347,-1614.126517394782,1508.0794356741903,2.1928013175459133,1974.5445087209625,162.29571690107338
67.57998466491699,444.61770448833704,-1.2399691227170142,-1615.4213979095794,1517.7758549138239,2.1919435922715182,1996.036590238846,163.36588577387332
72.8214979171753,426.9847236573696,-1.2363281694206834,-1622.1734352509386,1534.6527887643142,2.202578592244832,2024.8299597554708,162.96515641756466
78.90212535858154,409.2479236423969,-1.2244974398161923,-1633.0905747226316,1543.5647241057225,2.208084804838189,2053.6780684773157,163.3275245497614
85.97946166992188,389.39493149518967,-1.2128065799367134,-1661.4762097080593,1552.9086458489264,2.2088329632323007,2099.372641271744,163.95449516134448
92.31853485107422,374.0013539791107,-1.2065095018493182,-1685.262795170986,1555.1102102310738,2.225272670363817,2134.200907871566,163.37336532394954
99.31683540344238,356.2109097838402,-1.1965880097333326,-1695.0153683933947,1560.4812949801887,2.2338227849774777,2160.9940347542324,163.45193946695193
106.21392726898193,339.1995429992676,-1.1935653216967406,-1688.801468345951,1567.6563358747258,2.225368191951443,2175.129045012385,164.10953923212585
112.95223236083984,322.24687933921814,-1.1852926581867933,-1679.150174897576,1582.5901752748096,2.227017965890213,2190.9121985399593,164.4890028527355
119.7655200958252,304.9034923315048,-1.1780020053356313,-1681.2675752888792,1596.2710063028737,2.248349926279335,2216.156643112486,163.6844951919652
127.33638286590576,286.5244150161743,-1.1689094196800327,-1683.540736605146,1597.7855806627813,2.2626565908824845,2235.7731965377598,163.3857504742225
134.67371463775635,269.187793135643,-1.1613114630769945,-1691.951617813909,1608.2925183718278,2.2758232199110062,2264.8976953284305,163.06668904675143
141.37399196624756,251.56666338443756,-1.1521296323127468,-1690.3924377403907,1626.001240356268,2.3148293048870245,2290.0739419014267,161.3578851532917
146.7294692993164,234.3134731054306,-1.1435927983224479,-1690.53061372912,1652.4143648275697,2.347189282075637,2320.890939228464,159.99291959329253
156.94642066955566,217.57760643959045,-1.1393551208974926,-1698.334021148265,1677.0221276460566,2.3715494291024655,2360.517703443738,158.83998701172493
164.40141201019287,199.27388429641724,-1.132857326748683,-1701.4689345108998,1692.783661553772,2.3573050857282856,2389.9882018098033,160.02842394987215
172.20842838287354,181.27939105033875,-1.1272553119439603,-1702.3108805091704,1721.6365003134042,2.3542460207933655,2426.2157083545508,160.52466726497994
180.81343173980713,163.84518146514893,-1.1226831488375635,-1713.5959073068914,1742.7505213027885,2.3734237571688315,2466.1161400135156,159.6878295592932
188.5089874267578,146.5098261833191,-1.1148866202768524,-1732.6455872996016,1746.6253092171419,2.3951672732294806,2500.240880202662,158.88872603862504
197.44741916656494,132.16117024421692,-1.1112642603622445,-1744.1330931103541,1748.929581881371,2.41926250131773,2526.5935530910447,157.71571709774767
202.99839973449707,114.81162905693054,-1.0954202130978399,-1759.6586951230645,1756.9286844478167,2.4129139958793773,2559.017642690327,158.9872567042373
213.1047248840332,97.4617600440979,-1.0877559953545886,-1778.4237478862055,1768.8243691884782,2.414502125778964,2599.930504667475,159.33539089363003
215.19410610198975,89.7740125656128,-1.0740258872506188,-1802.7198972539188,1781.7574205638414,2.421418217798767,2633.397952813279,159.72580525678703
217.576265335083,86.23352646827698,-0.9927666776620855,-1824.2319420985934,1800.0284686701696,2.435175688022903,2665.7220147382795,163.59337003215907
221.03214263916016,80.28966188430786,-0.931579491954366,-1800.2272840952955,1875.0816982856425,2.460877720218806,2703.1034246015356,165.62651956376004
226.93359851837158,74.76085424423218,-0.8633060061847393,-1736.1430447440978,2009.522832686793,2.415661411096159,2756.2608404411976,172.12900582889267
231.09984397888184,69.96876001358032,-0.7919441165269963,-1709.5380257915065,2170.3697953099536,2.4615927395527324,2859.678277474763,173.58606965636886
235.30244827270508,65.32540917396545,-0.7272138071132076,-1744.0187962395662,2204.493436360052,2.6324000688727573,2914.4043023425593,167.50830411241628
239.8056983947754,61.910927295684814,-0.6574651534270626,-1784.8885424352727,2215.006794508424,2.730150110560213,2955.538628111455,165.9039427594329
244.24409866333008,57.53627419471741,-0.589396912486079,-1832.7697196661693,2283.8651519133014,2.878485108956767,3044.7539594022005,161.3049963220285
249.40717220306396,55.01300096511841,-0.5187989387915342,-1882.474336389852,2412.008015298207,2.817486221617914,3178.103878772914,168.84494105641178
253.79812717437744,52.19486355781555,-0.4488300782952279,-1919.1295186079446,2508.907306869867,2.8205674823951776,3279.7942897275393,172.67731822207335
258.9629888534546,49.6477484703064,-0.3796704429919102,-1946.3406322494068,2538.169559308494,2.874321769213444,3325.0721592571135,173.55997967219506
264.1524076461792,46.806007623672485,-0.32313512132229927,-1977.5761962062513,2538.9090009276506,2.985930424364089,3352.003052290498,170.4045101000153
270.4439163208008,44.288963079452515,-0.25089845127975385,-2014.0656329711128,2534.7497729411766,3.096092650238161,3379.553066052234,168.23153581518102
276.1802673339844,42.49182343482971,-0.19389558803652496,-2081.3328033887638,2539.9035377313417,-3.1085656720719697,3434.3752196482615,166.99829448827194
281.9634675979614,41.11427068710327,-0.12523845043201898,-2128.322828525102,2540.7990641810675,-3.046065586390438,3472.449293525191,167.3510675777013
288.16044330596924,39.98491168022156,-0.05322961668817361,-2172.1131836358263,2539.817039637098,-2.8833225143242607,3507.4359562778536,162.1523786644975
293.86603832244873,39.33057188987732,0.015162362681332864,-2199.157064604923,2534.6470977124873,-2.784220066334317,3527.2891511432745,160.3927984256775
298.46107959747314,39.5851731300354,0.07689484913257938,-2224.278226080535,2532.3974621501957,-2.671073586014055,3546.5936774181914,157.44699356907142
304.2759895324707,39.51519727706909,0.14556920834555132,-2237.340995291412,2541.4737580828446,-2.6236299858847314,3566.456720266566,158.66342646042352
309.0261220932007,40.41352868080139,0.2149078896255714,-2242.4087478843767,2556.3216842322026,-2.5589169075869336,3583.240676106972,158.92845398900798
314.7228956222534,41.39408469200134,0.2922243344232369,-2243.889159408568,2570.3820187879387,-2.549712039881585,3597.53743815848,162.83095989237768
314.0590190887451,42.03063249588013,0.29380382119850834,-2236.9153132044003,2579.777810874523,-2.5191107881514383,3598.2816434219294,161.16813524644263
314.4369125366211,41.58073663711548,0.2952131591407783,-2242.165262342328,2577.1450137250417,-2.5042681291371416,3600.7361585987096,160.39846264417136
314.45252895355225,41.44170880317688,0.2955169969699343,-2242.0922346438765,2583.9028486890675,-2.503438013767616,3605.555404664765,160.36830916225566
314.2589330673218,41.787952184677124,0.29473669795201696,-2244.345332084747,2578.0009738059034,-2.52071267998299,3602.6146444902247,161.31336678840893
314.2890930175781,41.659653186798096,0.29495846209031384,-2253.038216255341,2564.8891521713244,-2.5157735172614926,3599.702295674495,161.04307975931056
314.4063949584961,41.555821895599365,0.2953219325622627,-2245.1523771073566,2564.3428693570086,-2.4934066144906293,3593.855255084477,159.7823759537809
314.30256366729736,41.619688272476196,0.29507615613289184,-2250.2756986327267,2558.639931456965,-2.5046110133176174,3593.390121885225,160.41025876644193
314.2702579498291,41.68736934661865,0.2949338047157435,-2235.8935260430994,2554.0354226845834,-2.5131303078669482,3579.8363183671113,160.89022225313707
314.3361806869507,41.619688272476196,0.2951508590998051,-2258.142492065381,2574.9630897858397,-2.491696820930782,3610.467464436828,159.67461021157752
314.3298625946045,41.5913462638855,0.29511827118468736,-2249.4768226770066,2573.000169943766,-2.4808536857071606,3602.9342697373436,159.05147717657496
314.2956495285034,41.63515567779541,0.29504230087296546,-2262.009663790519,2570.264324259677,-2.5055980303360306,3609.891208837037,160.46487091239646
314.2833709716797,41.650861501693726,0.2950201190384394,-2255.2719021728176,2573.8400582785725,-2.506222253123843,3607.5748682485064,160.49936531811383
314.30602073669434,41.622161865234375,0.2950493029890313,-2238.9402638638285,2567.320000735607,-2.505106037479736,3591.4086599969164,160.43708298987843
314.3051862716675,41.612833738327026,0.2951386117970556,-2246.2605983697217,2556.5927606072523,-2.4987169431073446,3589.097542562726,160.0761318652028
314.2893314361572,41.63515567779541,0.29508299035398666,-2249.2691079403794,2575.5348476291547,-2.5066094766330678,3604.5082217925174,160.52515385195395
314.2821788787842,41.644155979156494,0.2950361999294635,-2245.935078436538,2564.0183483059423,-2.511951859685388,3594.0344977158184,160.8285689595473
314.2964839935303,41.62102937698364,0.29508788718635537,-2265.585212389999,2561.6216223776623,-2.4843196547471647,3606.4099262366904,159.24832169962107
314.2964839935303,41.62102937698364,0.29508788718635537,-2266.3736217956803,2558.529997033623,-2.5133892178473856,3604.8146896039616,160.91388497755295
314.2964839935303,41.62102937698364,0.29508788718635537,-2266.3736217956803,2558.529997033623,-2.5133892178473856,3604.8146896039616,160.91388497755295
314.2964839935303,41.62102937698364,0.29508788718635537,-2266.3736217956803,2558.529997033623,-2.5133892178473856,3604.8146896039616,160.91388497755295
314.2964839935303,41.62102937698364,0.29508788718635537,-2266.3736217956803,2558.529997033623,-2.5133892178473856,3604.8146896039616,160.91388497755295
314.2964839935303,41.62102937698364,0.29508788718635537,-2266.3736217956803,2558.529997033623,-2.5133892178473856,3604.8146896039616,160.91388497755295
314.2964839935303,41.62102937698364,0.29508788718635537,-2266.3736217956803,2558.529997033623,-2.5133892178473856,3604.8146896039616,160.91388497755295
314.2964839935303,41.62102937698364,0.29508788718635537,-2266.3736217956803,2558.529997033623,-2.5133892178473856,3604.8146896039616,160.91388497755295
314.2964839935303,41.62102937698364,0.29508788718635537,-2266.3736217956803,2558.529997033623,-2.5133892178473856,3604.8146896039616,160.91388497755295
314.2964839935303,41.62102937698364,0.29508788718635537,-2266.3736217956803,2558.529997033623,-2.5133892178473856,3604.8146896039616,160.91388497755295
314.2964839935303,41.62102937698364,0.29508788718635537,-2266.3736217956803,2558.529997033623,-2.5133892178473856,3604.8146896039616,160.91388497755295
314.2964839935303,41.62102937698364,0.29508788718635537,-2266.3736217956803,2558.529997033623,-2.5133892178473856,3604.8146896039616,160.91388497755295
314.2964839935303,41.62102937698364,0.29508788718635537,-2266.3736217956803,2558.529997033623,-2.5133892178473856,3604.8146896039616,160.91388497755295
314.2964839935303,41.62102937698364,0.29508788718635537,-2266.3736217956803,2558.529997033623,-2.5133892178473856,3604.8146896039616,160.91388497755295
314.2964839935303,41.62102937698364,0.29508788718635537,-2266.3736217956803,2558.529997033623,-2.5133892178473856,3604.8146896039616,160.91388497755295
314.2964839935303,41.62102937698364,0.29508788718635537,-2266.3736217956803,2558.529997033623,-2.5133892178473856,3604.8146896039616,160.91388497755295
314.2964839935303,41.62102937698364,0.29508788718635537,-2266.3736217956803,2558.529997033623,-2.5133892178473856,3604.8146896039616,160.91388497755295
314.2964839935303,41.62102937698364,0.29508788718635537,-2266.3736217956803,2558.529997033623,-2.5133892178473856,3604.8146896039616,160.91388497755295
314.2964839935303,41.62102937698364,0.29508788718635537,-2266.3736217956803,2558.529997033623,-2.5133892178473856,3604.8146896039616,160.91388497755295
314.2964839935303,41.62102937698364,0.29508788718635537,-2266.3736217956803,2558.529997033623,-2.5133892178473856,3604.8146896039616,160.91388497755295
314.2964839935303,41.62102937698364,0.29508788718635537,-2266.3736217956803,2558.529997033623,-2.5133892178473856,3604.8146896039616,160.91388497755295
314.2964839935303,41.62102937698364,0.29508788718635537,-2266.3736217956803,2558.529997033623,-2.5133892178473856,3604.8146896039616,160.91388497755295
314.2964839935303,41.62102937698364,0.29508788718635537,-2266.3736217956803,2558.529997033623,-2.5133892178473856,3604.8146896039616,160.91388497755295
314.2964839935303,41.62102937698364,0.29508788718635537,-2266.3736217956803,2558.529997033623,-2.5133892178473856,3604.8146896039616,160.91388497755295
314.2964839935303,41.62102937698364,0.29508788718635537,-2266.3736217956803,2558.529997033623,-2.5133892178473856,3604.8146896039616,160.91388497755295
314.2964839935303,41.62102937698364,0.29508788718635537,-2266.3736217956803,2558.529997033623,-2.5133892178473856,3604.8146896039616,160.91388497755295
314.2964839935303,41.62102937698364,0.29508788718635537,-2266.3736217956803,2558.529997033623,-2.5133892178473856,3604.8146896039616,160.91388497755295
314.2964839935303,41.62102937698364,0.29508788718635537,-2266.3736217956803,2558.529997033623,-2.5133892178473856,3604.8146896039616,160.91388497755295
314.2964839935303,41.62102937698364,0.29508788718635537,-2266.3736217956803,2558.529997033623,-2.5133892178473856,3604.8146896039616,160.91388497755295
314.2964839935303,41.62102937698364,0.29508788718635537,-2266.3736217956803,2558.529997033623,-2.5133892178473856,3604.8146896039616,160.91388497755295
314.2964839935303,41.62102937698364,0.29508788718635537,-2266.3736217956803,2558.529997033623,-2.5133892178473856,3604.8146896039616,160.91388497755295
314.2964839935303,41.62102937698364,0.29508788718635537,-2266.3736217956803,2558.529997033623,-2.5133892178473856,3604.8146896039616,160.91388497755295
314.2964839935303,41.62102937698364,0.29508788718635537,-2266.3736217956803,2558.529997033623,-2.5133892178473856,3604.8146896039616,160.91388497755295
314.2964839935303,41.62102937698364,0.29508788718635537,-2266.3736217956803,2558.529997033623,-2.5133892178473856,3604.8146896039616,160.91388497755295
314.2964839935303,41.62102937698364,0.29508788718635537,-2266.3736217956803,2558.529997033623,-2.5133892178473856,3604.8146896039616,160.91388497755295
314.2964839935303,41.62102937698364,0.29508788718635537,-2266.3736217956803,2558.529997033623,-2.5133892178473856,3604.8146896039616,160.91388497755295
314.2964839935303,41.62102937698364,0.29508788718635537,-2266.3736217956803,2558.529997033623,-2.5133892178473856,3604.8146896039616,160.91388497755295
314.2964839935303,41.62102937698364,0.29508788718635537,-2266.3736217956803,2558.529997033623,-2.5133892178473856,3604.8146896039616,160.91388497755295
314.2964839935303,41.62102937698364,0.29508788718635537,-2266.3736217956803,2558.529997033623,-2.5133892178473856,3604.8146896039616,160.91388497755295
314.2964839935303,41.62102937698364,0.29508788718635537,-2266.3736217956803,2558.529997033623,-2.5133892178473856,3604.8146896039616,160.91388497755295
314.2964839935303,41.62102937698364,0.29508788718635537,-2266.3736217956803,2558.529997033623,-2.5133892178473856,3604.8146896039616,160.91388497755295
314.2964839935303,41.62102937698364,0.29508788718635537,-2266.3736217956803,2558.529997033623,-2.5133892178473856,3604.8146896039616,160.91388497755295
314.2964839935303,41.62102937698364,0.29508788718635537,-2266.3736217956803,2558.529997033623,-2.5133892178473856,3604.8146896039616,160.91388497755295
314.2964839935303,41.62102937698364,0.29508788718635537,-2266.3736217956803,2558.529997033623,-2.5133892178473856,3604.8146896039616,160.91388497755295
314.2964839935303,41.62102937698364,0.29508788718635537,-2266.3736217956803,2558.529997033623,-2.5133892178473856,3604.8146896039616,160.91388497755295
314.2964839935303,41.62102937698364,0.29508788718635537,-2266.3736217956803,2558.529997033623,-2.5133892178473856,3604.8146896039616,160.91388497755295
314.2964839935303,41.62102937698364,0.29508788718635537,-2266.3736217956803,2558.529997033623,-2.5133892178473856,3604.8146896039616,160.91388497755295
314.2964839935303,41.62102937698364,0.29508788718635537,-2266.3736217956803,2558.529997033623,-2.5133892178473856,3604.8146896039616,160.91388497755295
314.2964839935303,41.62102937698364,0.29508788718635537,-2266.3736217956803,2558.529997033623,-2.5133892178473856,3604.8146896039616,160.91388497755295
314.2964839935303,41.62102937698364,0.29508788718635537,-2266.3736217956803,2558.529997033623,-2.5133892178473856,3604.8146896039616,160.91388497755295
314.2964839935303,41.62102937698364,0.29508788718635537,-2266.3736217956803,2558.529997033623,-2.5133892178473856,3604.8146896039616,160.91388497755295
314.2964839935303,41.62102937698364,0.29508788718635537,-2266.3736217956803,2558.529997033623,-2.5133892178473856,3604.8146896039616,160.91388497755295
314.2964839935303,41.62102937698364,0.29508788718635537,-2266.3736217956803,2558.529997033623,-2.5133892178473856,3604.8146896039616,160.91388497755295
