time_stamp[s],x_true_pose[mm],y_true_pose[mm],theta_true[rad],x_pose[mm],y_pose[mm],theta[rad],p_err[mm],a_err[mm],num_particles,valid_pose
0.46667957305908203,-4.179750103503466,2.2872760891914368,0.015872080792457145,-59.674451198126704,15.355662562886456,-0.06297660098643362,57.012670298868066,4.517696686100517,5400.0,1
0.5083565711975098,-4.183319862931967,2.2909529507160187,0.01593081651158934,-58.468697500094294,35.79995275668784,-0.042613161056915774,63.79463373361386,3.3543228305839063,5400.0,1
0.7083427906036377,-4.169621039181948,2.292092889547348,0.015843495484898676,-79.62521401923574,14.974358599162302,-0.04802154274007355,76.51396196447298,3.659197148732583,5400.0,1
0.9083940982818604,-4.182486794888973,2.2854916751384735,0.01588946703517569,-81.090313327363,59.43108162590619,-0.051563129323914554,95.81457213164603,3.8647490885753744,5400.0,1
1.1083745956420898,-4.181507974863052,2.289324998855591,0.015889139393955556,-63.4256370666312,31.60859912859008,-0.06035635930592518,66.10209276064266,4.368545282373371,5400.0,1
1.3083324432373047,-4.169716499745846,2.2969841957092285,0.015854908517519896,-62.4376306296429,55.626514332386485,-0.05469661261505026,78.98853462147417,4.0423043991243075,5400.0,1
1.5167062282562256,-4.171876236796379,2.2817887365818024,0.015847922185058885,-62.41718705211974,27.062394764335522,-0.04930275966428256,63.29766715350866,3.732859102366842,5400.0,1
1.7083864212036133,-4.1769337840378284,2.2835582494735718,0.015882521804212475,-75.86880631906055,15.077199910725884,-0.038692286750160065,72.82445917776853,3.126906197900008,5400.0,1
1.9083185195922852,-4.17864928022027,2.2823400795459747,0.015879989447655864,-69.41969170072407,45.91442296152298,-0.06371434827935352,78.4866375425377,4.560419624896539,5400.0,1
2.10832142829895,-4.175393376499414,2.288293093442917,0.015898407918851536,-76.48160281221749,27.072823692140545,-0.05018577039609416,76.43599204536895,3.7863445100363458,5400.0,1
2.3083531856536865,-4.179325420409441,2.2899694740772247,0.01587390196535387,-68.19421134280326,45.267036093356815,-0.047015604757992165,77.10339729775265,3.6033033109073425,5400.0,1
2.5083250999450684,-4.1785454377532005,2.289004623889923,0.015913654366540922,-65.76833947625393,70.1516800342184,-0.03296144029851187,91.64412388992838,2.800336647609891,5400.0,1
2.708308458328247,-4.182026255875826,2.288520336151123,0.015899362921446916,-57.23689366764913,81.45543215156972,-0.05132061518644131,95.30067619104867,3.8514210445437844,5400.0,1
2.9083573818206787,-4.183633718639612,2.288583666086197,0.015927689219217445,-50.99956394391761,52.55807920464763,-0.039935375016869445,68.69318382896185,3.200717811395989,5400.0,1
3.1083145141601562,-4.180795047432184,2.2850967943668365,0.015850201768369102,-58.249672288615045,54.14468887882309,-0.03845589376715284,74.91902813897347,3.1115100760196492,5400.0,1
3.308345317840576,-4.189095925539732,2.28867307305336,0.015889444253572898,-66.70710787789596,51.42775095465404,-0.05275234507077737,79.5182418915872,3.9328848265114207,5400.0,1
3.5083019733428955,-4.179154988378286,2.2838227450847626,0.015917584053719454,-47.05883108536688,29.488384189603426,-0.055019493085354365,50.78144134987945,4.064395131062886,5400.0,1
3.7082831859588623,-4.174991045147181,2.291712909936905,0.015839251933211833,-44.3071724500282,59.498303307788795,-0.05747447338644076,69.87979657427373,4.200567041197496,5400.0,1
3.908327341079712,-4.19387873262167,2.2816210985183716,0.01586792954311561,-67.56254350219523,-11.443943085027955,-0.05037422844581811,64.83809672434288,3.7953960786047114,5400.0,1
4.108324766159058,-4.1882917284965515,2.2845156490802765,0.015901560047846194,-85.95702690370197,33.10627134550614,-0.04675443333787288,87.38481948463954,3.5899239822013045,5400.0,1
4.308223009109497,-4.185270518064499,2.286858856678009,0.01591062705350791,-56.98928843884529,56.91140643139729,-0.048875450531482977,75.97437401072094,3.7119688168270826,5400.0,1
4.508241176605225,-4.183719865977764,2.285495400428772,0.01584179758567842,-57.36758134337426,51.079899140225706,-0.05598364385176048,72.1762908299478,4.115294656029306,5400.0,1
4.7082297801971436,-4.174686968326569,2.286352217197418,0.01593445496048524,-44.098072079157156,32.171177650049124,-0.040135655013443024,49.86962472146457,3.212580658340472,5400.0,1
4.9082090854644775,-7.049868814647198,2.336788922548294,0.017313152540066115,-63.51460986002107,34.3239800754283,-0.04375915868298333,64.89566533422717,3.499185678190184,5400.0,1
5.108235836029053,34.5722995698452,2.1968819200992584,0.019541071496478525,-14.85721534228519,73.399373328067,-0.05218843806209838,86.67797717500241,4.109798164249753,5400.0,1
5.308211326599121,63.00395727157593,1.1390484869480133,0.022782294496378287,24.52037096635011,31.30828641797817,-0.039995096056843066,48.89958417257628,3.5968795275440275,5400.0,1
5.508208274841309,96.39066457748413,1.9145533442497253,0.02203403127756531,38.73488174117326,10.86514556923915,-0.03730486060849317,58.34640002301667,3.3998680660542364,5400.0,1
5.708155870437622,126.99611485004425,2.386145293712616,0.023602125320996814,45.24929413764835,30.28152909373596,-0.03208961568865602,86.37531553595161,3.190901713588754,5400.0,1
5.908181190490723,157.7722132205963,3.0419714748859406,0.023112970786676467,89.02011118988544,3.6504643554139595,-0.04172281182676763,68.75479472172782,3.71481670517803,5400.0,1
6.108168125152588,188.73406946659088,4.018988460302353,0.023662007745182168,123.21925127059694,18.959160211749325,-0.04384888039157562,67.1967271168535,3.8680889614160394,5400.0,1
6.308159351348877,221.54544293880463,4.88976389169693,0.023690771364369187,151.3660676196873,42.9981644521889,-0.034145546905959175,79.85859323492018,3.3137769394651886,5400.0,1
6.508172512054443,252.54148244857788,4.6244896948337555,0.02603822904041637,175.63595665525165,35.85210559133106,-0.03932666458202031,83.00375830121874,3.745132532887213,5400.0,1
6.708144903182983,285.9039306640625,6.131339818239212,0.024948928586275596,195.69143456509514,45.254911358808094,-0.039044969138694374,98.33081054530271,3.6665802542326196,5400.0,1
6.908169746398926,318.5961842536926,6.810050457715988,0.02527526058119561,235.33026947189194,55.054539602092504,-0.026981131778083714,96.23275584358976,2.994070734766388,5400.0,1
7.108168840408325,350.60665011405945,6.756894290447235,0.02712480011666243,306.1004653858727,73.6911625510022,-0.03374503552243407,80.38032561911787,3.487584681775233,5400.0,1
7.308111667633057,385.4072391986847,7.4042752385139465,0.026190935665585335,319.2698515739334,50.57889342920987,-0.03502598289209253,78.98228724048813,3.507471068151029,5400.0,1
7.508121728897095,418.74921321868896,9.130313992500305,0.02504352385105302,348.90770858048063,32.378773278596675,-0.03246987725367462,73.60928358098697,3.29527514874394,5400.0,1
7.708118438720703,451.7225921154022,9.378775954246521,0.025468285044462108,396.1152600576552,10.01172925168306,-0.04383804847620594,55.61093425269241,3.970960404260343,5400.0,1
7.908186197280884,485.4470491409302,10.614149272441864,0.025233071370988076,398.19611684240635,30.14471350796599,-0.030872515802832946,89.41011199142702,3.214613352163269,5400.0,1
8.108113288879395,519.658088684082,11.012844741344452,0.026220663585611384,471.0422966043191,19.483654638385637,-0.03154598998632359,49.34825082872288,3.3097854462661958,5400.0,1
8.308116674423218,554.8143982887268,11.787943542003632,0.027384079876807167,514.6075950799506,7.366493993191267,-0.03457468485246974,40.449180960582545,3.5499757228315914,5400.0,1
8.508138656616211,586.7047309875488,12.423019856214523,0.028988011168434344,516.4684854345925,30.555026374680992,-0.03811183566321324,72.53895401617596,3.844538029427675,5400.0,1
8.708094596862793,620.9632754325867,14.378879219293594,0.029012149992155564,556.5145467246017,41.23763431992624,-0.02269487159991182,69.82142477514482,2.9625941084172793,5400.0,1
8.908102750778198,654.3135046958923,16.04023575782776,0.028148332456163307,576.4570969900525,56.39384938770828,-0.03890900502732716,87.6928409498041,3.8421024231884204,5400.0,1
9.10808253288269,689.713716506958,13.610020279884338,0.034993336012814596,619.618354169448,48.38583695603162,-0.03975686932072552,78.24779387765393,4.282871283348145,5400.0,1
9.316412210464478,726.9461154937744,15.786971896886826,0.033058907338037374,666.1022454707844,35.50314979814502,-0.033292104291363984,63.95861310573085,3.801632932788141,5400.0,1
9.508085250854492,760.194718837738,16.201835125684738,0.034304476630327,710.7053758501197,21.37975341274119,-0.02850817539405321,49.759480575399515,3.598899861020853,5400.0,1
9.708098649978638,792.5412058830261,16.845356673002243,0.03744225518701163,759.4127975827511,23.31138510616915,-0.029723357419155154,33.753532558952344,3.8483061307440347,5400.0,1
9.908069610595703,791.0122275352478,17.575815320014954,0.10860847044194429,714.785290881146,4.366164735510449,0.017057615070433386,77.36304505533083,5.245477623600176,5400.0,1
10.116393804550171,795.0841188430786,18.21311190724373,0.18178102043248334,737.5860252090096,36.998141999764144,0.10482762766824368,60.48890912497157,4.409104624603501,5400.0,1
10.3080735206604,795.478880405426,18.539292737841606,0.24571801959831796,715.3386713710095,24.947642235848715,0.15792322093488506,80.39602009657312,5.030271426615506,5400.0,1
10.508056402206421,797.5027561187744,18.948746845126152,0.31881422672743576,726.9960921805209,27.991825246400186,0.22659799578282305,71.08422417578603,5.2836008357300095,5400.0,1
10.708077430725098,799.473762512207,19.70921829342842,0.3906353189619378,751.2655678491683,-6.747468872597947,0.3027293614278039,54.99078403214871,5.036640360762116,5400.0,1
10.90809154510498,801.0522127151489,20.91856859624386,0.4650915211674434,741.4135464873693,49.77050170840451,0.40069384013393544,66.25107209500153,3.6897153336496755,5400.0,1
11.108105897903442,802.6123046875,22.18148484826088,0.544805886257924,721.7655718030244,33.754784559868945,0.46203523585590545,81.6708974133899,4.742408935588476,5400.0,1
11.308094263076782,804.3565154075623,23.469584062695503,0.62399231168731,741.8013134926505,38.95915630698191,0.557104890008384,64.44439568283926,3.832366964714302,5400.0,1
11.508095979690552,805.6249618530273,24.725735187530518,0.7004947962646189,734.1404086059807,15.585944653111147,0.619809812548148,72.06647711622169,4.62290903703555,5400.0,1
11.708024501800537,806.4664006233215,26.09267085790634,0.7807044284566859,729.2263685688328,57.13246154559096,0.6929593697300697,83.24356526311044,5.0274215381626615,5400.0,1
11.916346073150635,807.8868389129639,27.662012726068497,0.8666250485913352,755.4688929673827,66.28147829377711,0.7928964507537074,65.10840328167559,4.224337485513438,5400.0,1
12.107994556427002,808.9574575424194,29.039587825536728,0.945881553756413,744.6563543275416,64.4392995224605,0.8807574959672986,73.40144046866989,3.731333656082333,5400.0,1
12.308027982711792,809.5256686210632,30.540917068719864,1.0273446331617397,735.5664516780693,98.76822767255092,0.9667928597132548,100.62271951727644,3.469361060630506,5400.0,1
12.50802206993103,809.3326687812805,31.909674406051636,1.1111653840749889,734.557064869373,56.630319360732656,1.0346418975913667,78.75595994822154,4.384472809137951,5400.0,1
12.708006620407104,808.2050681114197,30.21906316280365,1.1894178897033603,754.8413503628213,74.82410162820159,1.100108630396427,69.55067094177956,5.117043629726748,5400.0,1
12.907999277114868,826.2602090835571,72.00480997562408,1.2048763179349937,815.6628377910373,110.91425254399816,1.1790172555326572,40.326777695386525,1.481615137819308,5400.0,1
13.107964992523193,836.2811803817749,101.50724649429321,1.2174924249543058,802.402947572438,130.43046394253733,1.1557755448339062,44.545338317741404,3.536116755613746,5400.0,1
13.308087587356567,849.5376706123352,133.3363950252533,1.230935833210763,786.5984712020634,148.58695509749256,1.1753351370669665,64.76050034490886,3.18568522702885,5400.0,1
13.508014678955078,861.7973923683167,164.56249356269836,1.2424764174317093,843.2870620211619,197.26434191676148,1.1896121970507547,37.57716348173368,3.0288967150781687,5400.0,1
13.707979202270508,871.589183807373,196.44251465797424,1.2544629989563174,812.3353426950125,231.5336448806463,1.193611191464293,68.86512257212206,3.4865517450355576,5400.0,1
13.907987117767334,882.3274970054626,230.14971613883972,1.264025710668227,806.0445218708887,253.64178645825157,1.2052679169126326,79.81835417542894,3.36657359569571,5400.0,1
14.108048677444458,893.4375643730164,265.36744832992554,1.2779719541429193,843.2945596579231,273.83016142834884,1.2042652329734642,50.852123208810994,4.223084044757337,5400.0,1
14.308044910430908,903.1463861465454,296.3588833808899,1.287817649033247,876.9477575247637,354.97196011039006,1.2520863458438682,64.20172042367956,2.0472528692537355,5400.0,1
14.507962465286255,909.9661111831665,329.6467661857605,1.2975344653478325,850.4299777224755,324.18859525753254,1.2364889119451177,59.785807825360685,3.497652568016038,5400.0,1
14.708007574081421,921.6263890266418,363.0223870277405,1.3135408357989953,868.7666153100766,351.17413700280326,1.2425377456888473,54.17136426212563,4.068177395698552,5400.0,1
14.907978296279907,929.8089742660522,396.63881063461304,1.3170502229098273,870.7269127271019,403.36851409898094,1.2633822353793531,59.46409760864655,3.0749491804569007,5400.0,1
15.11633038520813,938.9660358428955,433.32332372665405,1.326507040701181,905.241765290791,411.8510929167239,1.2661835380255866,39.979783894194,3.4562821087576876,5400.0,1
15.316316366195679,947.1393823623657,465.654581785202,1.3552460921649911,892.3736121604359,457.79886512880665,1.2843151823280645,55.326321674191895,4.06404177067887,5400.0,1
15.508000373840332,953.7801146507263,495.11533975601196,1.366946507954914,893.279679541192,538.569699188171,1.3207799488250302,74.488817966875,2.6451489927834917,5400.0,1
15.707943677902222,961.959719657898,531.3189625740051,1.3759847130407763,913.1705712302931,546.4503110488743,1.3252124451298857,51.08168664951047,2.9090366676015336,5400.0,1
15.907923221588135,968.1682586669922,566.9823288917542,1.3864126907505268,922.768020795195,564.7912973255261,1.3238045182237785,45.45307710309588,3.587184048809584,5400.0,1
16.107937812805176,974.4670987129211,599.6034741401672,1.3932912039950685,924.7315942043231,622.7278030218769,1.3343928457083332,54.8484730412274,3.3746273500793103,5400.0,1
16.30799698829651,980.2921414375305,634.3249082565308,1.3990730603648978,924.8647481988182,665.9702630728192,1.3375072195310236,63.82495125487866,3.527462841955175,5400.0,1
16.507935762405396,989.472508430481,668.217658996582,1.4165926612452646,929.6905625800948,711.9025380646011,1.364314004370691,74.04221572080317,2.9953463975256582,5400.0,1
16.707931518554688,994.3625330924988,705.118715763092,1.4235875773159092,948.047876014056,743.7803286169731,1.3722855356287782,60.3304878876106,2.939390469076818,5400.0,1
16.90792417526245,998.776912689209,741.2592768669128,1.4285461480575767,942.5754831926403,762.8883493949519,1.359250802136659,60.219743073853756,3.9703308611676746,5400.0,1
17.107970237731934,1004.5462846755981,776.2172222137451,1.4362297375029642,948.937217619715,793.5292670162362,1.3700594525677592,58.241524997798265,3.7912780559653414,5400.0,1
17.307970762252808,1009.7228288650513,811.8212819099426,1.4435733346948998,935.1256955499078,827.1953979712342,1.3838813995132417,76.16492462743823,3.420095956877481,5400.0,1
17.5079607963562,1014.6565437316895,847.8378057479858,1.4505584819304038,961.3816070926692,875.1917710640811,1.3902478854322415,59.88704611521393,3.455542639261181,5400.0,1
17.70792007446289,1018.9080238342285,879.2490363121033,1.4644300269303965,947.3303842339587,915.9944785976521,1.4133637918672277,80.45859817015649,2.9258797447425504,5400.0,1
17.90791082382202,1018.6375379562378,879.1408538818359,1.5432361499536764,968.8620282164466,914.0818063472105,1.4773892090340444,60.81506005130324,3.7727518085421967,5400.0,1
18.10790181159973,1018.9101696014404,882.8272223472595,1.6222491047075571,953.727045871538,890.9413179216657,1.5504191980020443,65.6862098630935,4.115550497044335,5400.0,1
18.30788826942444,1018.7218189239502,887.3714208602905,1.7041903040774462,955.7332364849179,918.203454454757,1.6394486579448688,70.12970706661386,3.7094230821261522,5400.0,1
18.507959365844727,1018.3367729187012,890.236496925354,1.7926318002990473,966.0797116040557,902.3479153283105,1.7181359006689312,53.64221204400591,4.2683006398358465,5400.0,1
18.707956790924072,1017.6399946212769,893.670916557312,1.8831143038875247,952.152350693949,914.8931338135122,1.7950904069131883,68.84049689261292,5.043397792923848,5400.0,1
18.916226387023926,1015.0866508483887,900.7824659347534,1.9787653787590043,941.3166494759374,949.0309882027315,1.900520889965489,88.14722345902355,4.483078978027088,5400.0,1
19.107935428619385,1013.2981538772583,903.6836624145508,2.0525842208451177,980.0149334646397,935.6298645716123,1.9820238461456716,46.133855174858205,4.042811671139936,5400.0,1
19.30787420272827,1010.3499889373779,906.1045050621033,2.133547797829952,959.090386692068,921.2521154007637,2.061362719914797,53.45088326042212,4.135900308361386,5400.0,1
19.507925748825073,1008.2770586013794,908.5601568222046,2.2233413860092606,949.7502101301853,936.9026456494971,2.1468322245164577,65.0283681549469,4.38365204762244,5400.0,1
19.707889318466187,1006.1743259429932,910.6340408325195,2.3093827109049223,946.9303861967063,949.4027465232832,2.243551757391874,70.80153202861305,3.7718357976195778,5400.0,1
19.907875061035156,1003.464937210083,912.2076034545898,2.396891698621545,940.2796680151394,922.0821147860969,2.3227909855478095,63.9522025990783,4.245658118034935,5400.0,1
20.116271018981934,1001.1920928955078,913.2050275802612,2.4909640677945433,897.5388130817062,981.6837732681341,2.4243223501606215,124.23099865630411,3.818289159926273,5400.0,1
20.307974338531494,999.0328550338745,914.0377044677734,2.5792180010657586,971.92392748988,914.8132186207583,2.4990934783908636,27.120017971731176,4.59079698477175,5400.0,1
20.516230583190918,996.9683289527893,914.7351980209351,2.6747603159249294,954.4357583483887,907.2968585285565,2.592835142995464,43.17810158659361,4.6939666447377935,5400.0,1
20.707863807678223,997.1616268157959,913.602888584137,2.7643249534879812,950.2994939331198,929.2772117596459,2.68080994920164,49.41400515363924,4.785057271624336,5400.0,1
20.907848834991455,957.2494626045227,930.9154748916626,2.7897567528620453,904.5439254074802,951.345514337614,2.7231854521447505,56.52663233372357,3.814254567797221,5400.0,1
21.107866525650024,929.8609495162964,943.7001347541809,2.8123260725190393,869.9463805002305,951.7971394620067,2.740158948355145,60.459218202185504,4.134871634187714,5400.0,1
21.30787229537964,897.6789116859436,954.6154737472534,2.8318273949502517,860.0594667306865,973.7822028687415,2.7643810616654876,42.220683840484135,3.8643902408497106,5400.0,1
21.507872819900513,865.4349446296692,965.069591999054,2.8493820110595762,838.4626133647525,960.4191386914799,2.778303343713559,27.37030087211915,4.07250765234112,5400.0,1
21.707886695861816,833.0657482147217,975.7757186889648,2.8715153057273617,803.2264140513247,1032.9859100105045,2.8118249448899535,64.52435086354645,3.420005753596464,5400.0,1
21.90787935256958,797.9125380516052,985.8329892158508,2.8919128769170213,751.3855761654164,1033.1827605010196,2.834225334004321,66.38342430996357,3.3052527393775435,5400.0,1
22.107856035232544,760.6637477874756,996.3697791099548,2.910210274491494,729.0007961472007,1026.1978485878544,2.8608104968869403,43.50007167066267,2.8303987656258185,5400.0,1
22.30788540840149,725.9642481803894,1003.5487413406372,2.9240463569352726,628.5017070943034,1026.9933886893448,2.8649035472478346,100.24269751090236,3.388633383635638,5400.0,1
22.507863521575928,690.6732320785522,1009.6613168716431,2.9333798000431135,649.9836738346205,1020.5214491452799,2.870924740656455,42.11392433729255,3.5784113120944547,5400.0,1
22.70786476135254,659.0538024902344,1015.0907039642334,2.9562891316144806,618.1447368774609,1039.7553716911377,2.8928458570258155,47.76921062136992,3.6350318724200914,5400.0,1
22.90782594680786,625.0855326652527,1023.0755805969238,2.974838250550218,581.6277886595119,1042.4788902825119,2.917739290099395,47.59268789239933,3.2715294484165733,5400.0,1
23.107878923416138,588.4060859680176,1029.4458866119385,2.9892068165881467,526.8232783051545,1043.8939400992276,2.9374156838953445,63.25494802157972,2.9674133194995855,5400.0,1
23.307827711105347,553.8294315338135,1036.0409021377563,3.0056337392398813,544.7847995122241,1063.6383465819374,2.948269709694856,29.04176833899099,3.2867167887937088,5400.0,1
23.507837533950806,518.1530117988586,1041.5140390396118,3.019575578358179,489.7688460563043,1075.3794636865455,2.958216009083189,44.18741734269991,3.515644352197514,5400.0,1
23.707818031311035,480.4844260215759,1046.2409257888794,3.0335597392342395,437.00970113507685,1103.4052496805853,2.981466664383169,71.81790605380134,2.9847133308254232,5400.0,1
23.9078152179718,445.4615116119385,1049.6559143066406,3.051182668161618,412.8371576702896,1036.8627197583849,2.973583290475278,35.04303492649431,4.4461168342689215,5400.0,1
24.107802391052246,408.5707366466522,1053.7210702896118,3.0603202841635806,388.2370228949992,1089.6653537470895,2.999666871973838,41.29711162061662,3.4751845315395933,5400.0,1
24.307782649993896,372.98446893692017,1057.9416751861572,3.0742161592610358,345.7058334230565,1089.7799669026344,3.0332573252791684,41.926134748170206,2.346768320938018,5400.0,1
24.50779700279236,338.9493525028229,1062.2416734695435,3.0931369092045875,321.44107292150414,1065.6962233715424,3.028721681757659,17.845833377094586,3.6907206690842522,5400.0,1
24.70777416229248,301.12308263778687,1063.3822679519653,3.101888689641377,233.91935740746553,1105.6799322765144,3.043530462460763,79.40675721967719,3.343680117314828,5400.0,1
24.907781839370728,265.31654596328735,1065.5359029769897,3.1116016895461645,239.93104458835776,1079.3487538974766,3.0445810385209486,28.900147587999395,3.840000443964,5400.0,1
25.107815504074097,229.15133833885193,1066.3139820098877,3.120633251532091,195.03301201246083,1091.219166978276,3.0583810845339534,42.241311883318055,3.566786434536867,5400.0,1
25.30785036087036,192.40593910217285,1067.2547817230225,3.1300672214969754,180.99032949647292,1093.199644907544,3.0554637876736517,28.34523008079657,4.274461895259982,5400.0,1
25.507808685302734,157.03411400318146,1068.0135488510132,3.1407768269922305,120.48267277878723,1110.2619606371493,3.0833391732160242,55.865339469399714,3.2909351465102734,5400.0,1
25.707776308059692,120.49522250890732,1067.615032196045,-3.1307428616227013,84.19568511591666,1070.5251374204752,3.09013088508175,36.41600097982181,3.570189430099443,5400.0,1
25.90778088569641,120.86581438779831,1067.2887563705444,-3.0487532028342,95.84733214548208,1092.1493992651772,-3.130862707802727,35.270044213801974,4.704528092605059,5400.0,1
26.107789993286133,114.68642950057983,1066.6011571884155,-2.968980198087449,83.90058193060666,1084.1886859465797,-3.0460327583382334,35.45545907784686,4.414786503047443,5400.0,1
26.307790517807007,110.5838194489479,1065.5707120895386,-2.878048518827191,72.14982059946665,1097.6633574116233,-2.9560277134020696,50.07105103082075,4.467878738969981,5400.0,1
26.507837295532227,106.46383464336395,1063.8091564178467,-2.7895424270867344,48.6257210235091,1110.0887561527668,-2.8589310993922448,74.0746160214662,3.9756780691220444,5400.0,1
26.707857370376587,102.18913853168488,1063.0155801773071,-2.695291986800808,79.3206480845484,1104.307337797975,-2.772536098797512,47.20145233713417,4.425761609647003,5400.0,1
26.907803297042847,99.54184293746948,1059.9744319915771,-2.612728369526253,75.78190133776017,1077.5429307870895,-2.7113043612019916,29.549737304238704,5.647988284336564,5400.0,1
27.107783317565918,96.11637145280838,1057.352900505066,-2.5283889601346425,85.70313209838616,1086.6225651562986,-2.620869569947994,31.06684442694668,5.298748629101185,5400.0,1
27.30775237083435,92.8565040230751,1054.620862007141,-2.436512696164215,54.48310219019384,1105.0233500524207,-2.5154488597418383,63.34768164173278,4.522709023952093,5400.0,1
27.507745027542114,90.17211198806763,1051.6902208328247,-2.346081987956007,19.830587083996615,1104.9656521497002,-2.4186260026867874,88.23945663833815,4.156465873008585,5400.0,1
27.707826375961304,86.77976578474045,1047.4380254745483,-2.2476167303629926,36.195100791226395,1114.7938258819772,-2.3284297802495604,84.23545679244248,4.630246688080511,5400.0,1
27.90786838531494,85.76975762844086,1044.8687076568604,-2.155137545933172,47.92326560112545,1111.8529180558598,-2.248804216372466,76.93660638181983,5.366704897214341,5400.0,1
28.107834100723267,84.0090662240982,1042.320728302002,-2.064829280458639,17.323445822018428,1103.5463432951299,-2.1369500035836775,90.52926543221815,4.132213050496262,5400.0,1
28.307750940322876,83.01688730716705,1039.1865968704224,-1.9700310000668817,50.49623940949752,1088.2305127610198,-2.057311366673446,58.846395179043824,5.0007966409107105,5400.0,1
28.507752895355225,82.42244273424149,1036.1948013305664,-1.8793327529164379,22.42419151583794,1045.5415022850389,-1.9517159173460414,60.72191505543117,4.14724982961775,5400.0,1
28.70784831047058,81.98929578065872,1031.8831205368042,-1.785059872560508,43.401742475466754,1066.534923727252,-1.8723515312140522,51.86276828738082,5.0014436275447105,5400.0,1
28.907797813415527,74.77671653032303,996.2459802627563,-1.7502412062021753,19.61992463682285,1042.2332493028196,-1.8187186609850852,71.81295569565455,3.92346915085867,5400.0,1
29.107778549194336,66.95129722356796,954.0812373161316,-1.7250588382345355,56.51532983366414,1024.4385686268063,-1.8076416774151096,71.12709388498295,4.731648145254508,5400.0,1
29.307741165161133,61.395831406116486,919.8102355003357,-1.7004209505167815,10.74471167429212,983.4898684293735,-1.7715577597188956,81.36726356505177,4.075838935308534,5400.0,1
29.507741689682007,56.814905256032944,884.5142126083374,-1.6805760934575087,-11.311672086363833,949.8053873902278,-1.732417992939529,94.361899328007,2.9703220422612078,5400.0,1
29.707754373550415,51.76322162151337,850.5380153656006,-1.6577374423229876,-4.842811714975519,890.4212508823956,-1.7218131833228258,69.24532825671224,3.671269528464102,5400.0,1
29.90779709815979,48.87847602367401,814.640998840332,-1.6413194977952401,10.033626710859831,868.0054890888752,-1.708627984633853,66.00523568340692,3.8564922212643684,5400.0,1
30.107826232910156,46.884194016456604,779.1687250137329,-1.6224658230993487,11.749375910860278,853.6075091349647,-1.6844969851694218,82.31396008430585,3.554123784907183,5400.0,1
30.307745218276978,44.54679787158966,742.286741733551,-1.6059434374730577,-20.869671315170997,786.3339558705385,-1.6603005372176098,78.86362605214164,3.1144324019344842,5400.0,1
30.507768869400024,43.61461102962494,709.237277507782,-1.5902942124354242,21.373253508733544,781.2760128439774,-1.660682474383189,75.39401417361007,4.032950336868209,5400.0,1
30.707716703414917,42.331308126449585,675.5939722061157,-1.5721204357245204,-22.696977670929147,707.0942947251975,-1.6342544191496444,72.25612965383449,3.560015014595416,5400.0,1
30.907735347747803,38.375601172447205,642.1244144439697,-1.5468833121571146,-23.873826934065903,684.5316376142473,-1.6053234521690967,75.32173575138634,3.3483733768401844,5400.0,1
31.107747316360474,42.040981352329254,605.7954430580139,-1.5347696338149686,-6.750039840948236,639.3141612401693,-1.6032930865149522,59.195170560254354,3.9261046373733866,5400.0,1
31.307738065719604,43.56372356414795,570.0076222419739,-1.520023238811056,-1.9807559385992684,594.5866133624296,-1.5950720527179836,51.753515993366115,4.299980294329672,5400.0,1
31.50775122642517,45.214273035526276,534.111738204956,-1.5024566232444498,-28.03279590674169,559.3102491500497,-1.5635604019067524,77.46029991217023,3.500988629651471,5400.0,1
31.707730770111084,47.38958925008774,500.6827712059021,-1.4929022646354644,-0.9133938020523101,550.0116968758905,-1.5582817671396128,69.03999623037771,3.7459695601526986,5400.0,1
31.90773296356201,50.6836399435997,463.35986256599426,-1.475960432063151,15.488315904584637,507.15973745265666,-1.5533788901515553,56.18843185477372,4.435750904876018,5400.0,1
32.10777926445007,53.71522903442383,424.7567057609558,-1.465089348530068,-3.77025152930551,471.3814132082133,-1.5393109055921006,74.01651045668967,4.252581968543878,5400.0,1
32.30768799781799,57.01615661382675,389.19857144355774,-1.4481900364506872,1.8034294157833353,423.7498482797331,-1.5051584050712528,65.13244948300034,3.2640470877039207,5400.0,1
32.507692098617554,59.05671790242195,352.8483808040619,-1.4349200332993781,-20.553854384358203,418.4928797554663,-1.479685407285704,103.18451173703144,2.564866997741197,5400.0,1
32.70778727531433,69.07583028078079,317.6344037055969,-1.4219937638539872,-18.456353069123324,370.3941466728063,-1.4834678083378046,102.20309975713667,3.522203298522212,5400.0,1
32.91604399681091,71.92952930927277,279.15722131729126,-1.4066650763338435,-0.3868280056015644,326.9652433142695,-1.460391357697995,86.6906136935028,3.078289171098246,5400.0,1
33.10771155357361,76.51673257350922,244.44127082824707,-1.394639089176203,27.16752721136186,244.52288624263815,-1.4638572608979235,49.34927285129194,3.9659091052663618,5400.0,1
33.307772397994995,82.66019821166992,208.35691690444946,-1.3829785603142668,42.21709112373587,256.68919565877184,-1.446219937561936,63.02106061081187,3.623464006886116,5400.0,1
33.50770545005798,89.88301455974579,171.47494852542877,-1.3703205211655043,39.08336813599067,239.5605537973313,-1.4287318862638942,84.94853572616692,3.346724695735503,5400.0,1
33.70771932601929,96.87483310699463,135.15882194042206,-1.3567137935613978,28.831507714784706,148.429504356751,-1.4133214746858673,69.32535713737956,3.2433812164544804,5400.0,1
33.90773272514343,97.0696359872818,134.86026227474213,-1.2690242357872135,34.90003268385933,136.30346683579648,-1.362595426992801,62.18635231551989,5.361234340091805,5400.0,1
34.10778045654297,98.55760633945465,129.63363528251648,-1.1850288010497947,29.99366983250578,175.00106368531257,-1.265514307705132,82.2144570572095,4.611479843322932,5400.0,1
34.307740926742554,100.4197746515274,125.57154893875122,-1.0924568792482454,32.417344514119335,164.87748236332033,-1.1605060434687102,78.54480827508414,3.898929909225282,5400.0,1
34.50775861740112,102.46060788631439,122.02712893486023,-1.0020678829650767,30.41903537090326,179.22398314794495,-1.0743011563563742,91.98623974468197,4.138661705735983,5400.0,1
34.707730531692505,103.80689799785614,118.09191107749939,-0.9070963223892011,54.03075947426388,184.11102109456982,-0.9950719686532103,82.68123640685288,5.040633230863598,5400.0,1
34.90778136253357,106.37716948986053,114.98154699802399,-0.813588278781402,61.50402197747846,170.71517669771524,-0.8925542207535095,71.55303520585488,4.5244152002767235,5400.0,1
35.107746601104736,108.87818038463593,112.42764443159103,-0.722932190777627,46.57964003383101,110.19059140620205,-0.8010228294460556,62.3386921267945,4.474264015182064,5400.0,1
35.307706356048584,113.44399303197861,109.40353572368622,-0.627093648481609,28.96933533203712,111.55766808676643,-0.6947330614236871,84.50211878858396,3.875452890323633,5400.0,1
35.50770878791809,116.09616875648499,108.8545098900795,-0.5502845617237537,59.5242367669945,133.38079370609285,-0.6169758804533805,61.65972824175578,3.8211310933693916,5400.0,1
35.707744121551514,119.70691382884979,107.75639116764069,-0.45976614813930283,48.95169068740552,119.37355935203546,-0.5457864752252273,71.70258153246705,4.92860169435835,5400.0,1
35.907729625701904,122.49504774808884,107.40707814693451,-0.3678911327189287,37.17854793064755,124.33557775957082,-0.4438974983922243,86.97976339490978,4.354843969207854,5400.0,1
36.10769009590149,126.11915171146393,107.01904445886612,-0.2750435817106471,82.92663737217072,127.03133900194602,-0.3558992616404149,47.603416136124466,4.632689209636333,5400.0,1
36.30769729614258,128.9781630039215,106.71036690473557,-0.18269917999081262,62.420371231158725,101.43924793963362,-0.2598361794364196,66.76619160032048,4.419624512536252,5400.0,1
36.51603174209595,132.3428601026535,106.21730983257294,-0.0839721959032315,39.832422135790914,132.22779951023384,-0.1608644705601651,96.09748543064191,4.405602815003035,5400.0,1
36.707722663879395,135.39618253707886,106.06616735458374,-0.005228154988953746,70.2013130490421,125.54121991361303,-0.07529501141054615,68.0415217329764,4.014535156706354,5400.0,1
36.907641887664795,132.67295062541962,106.32504522800446,-0.011958991823739017,50.35578058492387,139.74977413301218,-0.08579826654968169,88.84440886093591,4.2306788041035235,5400.0,1
37.10767364501953,171.99136316776276,105.67159950733185,-0.002109341537137212,77.7818953461722,142.4276423833646,-0.06863794300066314,101.12581527548771,3.8118080807679076,5400.0,1
37.315990686416626,202.2899091243744,105.3769588470459,0.02357129682585271,114.15416021181056,125.80121882809814,-0.04821693133885447,90.4713249165287,4.113162492559908,5400.0,1
37.50770664215088,232.3475331068039,106.12012445926666,0.06341896381017731,153.18339197144303,157.57200026940936,-0.0003016554797316859,94.41534179402034,3.6509225532716867,5400.0,1
37.70771098136902,256.4283311367035,107.32865333557129,0.12187505145240474,199.3204885114693,156.79693854130423,0.04657828986933759,75.55406627379,4.314186649712543,5400.0,1
37.90771293640137,290.36033153533936,113.54970186948776,0.20746335407904995,233.0296787058193,123.47872904591587,0.1399592036886786,58.184098639827745,3.8677029169846673,5400.0,1
38.107664823532104,320.13070583343506,119.45147812366486,0.315079205086228,280.4320109216171,129.66665030636693,0.231201127345272,40.99190310809989,4.8058598482269925,5400.0,1
38.30775809288025,349.9293327331543,131.3113123178482,0.4313846486305535,285.0350508628306,126.85438076637095,0.3505901449935086,65.04715257657,4.629184066257051,5400.0,1
38.516095876693726,379.14562225341797,146.0731029510498,0.5684492444076436,306.24412612522946,158.3477649233297,0.481822887710164,73.92763667439951,4.9633246333604095,5400.0,1
38.70770978927612,403.9880931377411,164.50446844100952,0.7082742418220197,353.6561746373414,208.1941379238593,0.617023546826427,66.64900028846293,5.228279700883003,5400.0,1
38.9077410697937,426.4930486679077,186.52160465717316,0.860525836279656,363.5467244256736,196.847806628534,0.7818353478147089,63.7876961706708,4.508632876864356,5400.0,1
39.10773015022278,445.524126291275,211.68623864650726,1.0232376340852611,385.25346817083266,242.05736454494786,0.9325292731518806,67.4904253847179,5.197206248032061,5400.0,1
39.31604766845703,461.4359438419342,241.1637306213379,1.2024988838657749,407.47131558446154,280.0200923247732,1.1077241109839904,66.49810484363755,5.430194490437177,5400.0,1
39.50770950317383,470.13577818870544,269.48830485343933,1.3651399766400045,424.4949211478691,285.41871316121853,1.2747556329122052,48.34113921159308,5.178641429662637,5400.0,1
39.707714557647705,473.5627472400665,300.0788390636444,1.5437613291101326,424.91759907656063,322.7149439398656,1.4605690554621706,53.65392514827526,4.766566168125641,5400.0,1
39.90775394439697,472.82472252845764,332.2054445743561,1.7173007808595795,422.99312094847016,346.6646701638757,1.630398867081512,51.88697062534322,4.979112891093049,5400.0,1
40.10771369934082,465.39369225502014,363.58559131622314,1.8821728934934556,395.43897495627016,377.65870514213816,1.7991908810330315,71.35625414149197,4.754519089484312,5400.0,1
40.31605815887451,452.3313343524933,394.61663365364075,2.036545111457262,426.29625422728486,409.22754395530023,1.9627501288745943,29.854716494536707,4.228141051228272,5400.0,1
40.50773286819458,437.4234974384308,421.9210743904114,2.185500777610278,375.22653679086403,412.66988210890554,2.1223640105129125,62.88120921566602,3.617470286779496,5400.0,1
40.70776176452637,413.31586241722107,454.7808766365051,2.3111011951047384,365.02388581503084,484.1352208156368,2.243359811157008,56.51364902688031,3.8812953985802108,5400.0,1
40.9077832698822,390.4152512550354,476.74328088760376,2.425795382826415,327.7308113503709,491.0496772639322,2.3531735949966825,64.29628281198002,4.160921943338192,5400.0,1
41.10770320892334,363.8872802257538,497.9842007160187,2.5180158307141984,296.4278230129995,535.849456430539,2.4507407075985177,77.35991182625172,3.8545806207515114,5400.0,1
41.30771827697754,335.91198921203613,517.1152353286743,2.593852673641228,273.41931566333807,537.7837063158589,2.5313154662651582,65.82188040623147,3.5831180451832085,5400.0,1
41.507728815078735,306.5970242023468,534.2294573783875,2.6548947627210673,248.3323952136056,535.6910232750448,2.58534572328602,58.28295776696593,3.9848664288171265,5400.0,1
41.70771646499634,279.3988287448883,550.9814023971558,2.694563728974647,234.0079963402082,546.905025423469,2.620926452486476,45.57350672947344,4.219105157610113,5400.0,1
41.90775489807129,246.82103097438812,566.0143494606018,2.709036736680186,216.84036948849752,573.6259553406975,2.6446602316190506,30.931805754036922,3.6885020398056385,5400.0,1
42.10776424407959,214.35756981372833,580.4969072341919,2.7098922130214587,144.25420080508127,597.840530575801,2.649524755339727,72.21692057252336,3.458800545097813,5400.0,1
42.30775499343872,181.49417638778687,595.7270264625549,2.7040000692200445,130.1661297472178,621.3542849753467,2.6533265783542537,57.37006842263559,2.903377159804545,5400.0,1
42.50771498680115,144.7872817516327,613.5420799255371,2.6688014471797796,94.39922355559469,634.9585650459732,2.61814971983105,54.75054560167571,2.9021302021295656,5400.0,1
42.707728147506714,117.36201494932175,626.9498467445374,2.6215551651720035,82.19132178705874,640.8390124211613,2.5694259086123314,37.81384112605811,2.98678639002387,5400.0,1
42.907755851745605,88.26561272144318,642.8967118263245,2.5557675593644267,16.280701142776582,663.6385729988424,2.5175918045500376,74.9136322700245,2.1873096305907267,5400.0,1
43.10772228240967,60.38697063922882,662.1811389923096,2.471769520238257,-3.5202182177426513,657.6677987760266,2.418859875894473,64.06636424449678,3.031499316437063,5400.0,1
43.30770778656006,34.188833087682724,684.0401291847229,2.3662340416405003,-21.105871479601348,687.0196919021843,2.3235845722437003,55.374923450696635,2.443634594909007,5400.0,1
43.5077166557312,9.961694478988647,707.8858017921448,2.2443738838808964,-66.50163314531245,734.8458504620851,2.205092061234468,81.07702939591927,2.250682649221755,5400.0,1
43.716052293777466,-9.69482772052288,739.3405437469482,2.1098146276690337,-66.87326606943004,783.5918216536936,2.0768394029310144,72.30179395007974,1.8893412059838905,5400.0,1
43.90784573554993,-25.084638968110085,769.9452042579651,1.9771722691196514,-92.11634516210174,816.6053978744014,1.9503932382009597,81.67265946203139,1.534325451091375,5400.0,1
44.10767221450806,-36.49979084730148,802.3630976676941,1.8298215140127154,-94.88223633188592,809.0935403497836,1.8000018551115975,58.76911433276297,1.7085406015537756,5400.0,1
44.316057443618774,-43.10596361756325,838.5521769523621,1.6692735093610118,-104.55042823417938,874.0583408119398,1.6402626437816168,70.96555434889366,1.6622001577206866,5400.0,1
44.507728099823,-43.485358357429504,869.7404265403748,1.51524975705347,-93.2460331043164,916.9534421088943,1.4848733978490782,68.59441369629695,1.7404371793850182,5400.0,1
44.70769190788269,-38.3744090795517,907.5362682342529,1.362128874927243,-82.78722091126778,940.0766121331848,1.3247283927772229,55.05789530903058,2.14288977895053,5400.0,1
44.91605854034424,-27.003347873687744,943.1100487709045,1.201487124488943,-100.78640106613254,973.8160567315459,1.1879166130728185,79.91744404870636,0.7775330299780313,5400.0,1
45.1077516078949,-12.983448803424835,976.0872721672058,1.0584135060632338,-58.48696972504254,1026.123941679633,1.0307323794996517,67.63311845656649,1.586011724260728,5400.0,1
45.30772113800049,6.60877488553524,1006.5772533416748,0.9188681702913691,-66.74528967205428,1038.576397494538,0.8888973941458906,80.02976954630527,1.717198981867283,5400.0,1
45.507720708847046,31.091809272766113,1034.0319871902466,0.7860064768667455,-24.534360740872746,1043.9664851332152,0.7580328690107149,56.50632743122758,1.6027696679045595,5400.0,1
45.707714557647705,57.98198655247688,1058.7173700332642,0.6566555145068473,11.217194232749854,1087.2088731757449,0.6394732741540273,54.76049262036627,0.9844698547959612,5400.0,1
45.907705545425415,88.72510492801666,1081.1116695404053,0.5576421516659484,58.767092817502046,1156.177052456635,0.5206114839317492,80.82260947268367,2.1217009737208934,5400.0,1
46.107678174972534,118.83248388767242,1100.0218391418457,0.4717251293867864,86.95561750329685,1132.5630954360627,0.42226272788632563,45.55291397587259,2.833986850557953,5400.0,1
46.307684898376465,153.6688357591629,1114.4154071807861,0.40543097011293505,96.34100413776984,1181.3972555732596,0.3477208340762819,88.16489263013422,3.3065472300260654,5400.0,1
46.507673263549805,187.2260868549347,1128.1462907791138,0.35371299276164,113.22169444435569,1198.6253695785451,0.2951923800958863,102.1956488529498,3.352984120267517,5400.0,1
46.7076370716095,222.15300798416138,1141.0844326019287,0.3229613656073217,199.633887196291,1198.1039831663568,0.2786713333584443,61.30530113805874,2.537631922358985,5400.0,1
46.90766167640686,257.9067349433899,1153.7342071533203,0.31104986445241395,233.95233454880628,1198.0943359867053,0.24455510316938836,50.41462415191197,3.809869181247277,5400.0,1
47.10768938064575,285.01972556114197,1159.0397357940674,0.3036994425953892,215.6566407243688,1200.9783352212894,0.241682734350658,81.0560525808553,3.5532956417172743,5400.0,1
47.307671546936035,327.5788426399231,1170.2115535736084,0.2856308765402387,276.5812268166424,1207.4311589453428,0.22102186783424424,63.135218726845046,3.701823517377476,5400.0,1
47.50767230987549,363.6024296283722,1179.423213005066,0.22986910029594337,317.45844827516845,1226.2513193026718,0.171526099715991,65.74297342336057,3.3428076973605854,5400.0,1
47.7077522277832,398.222953081131,1188.1827116012573,0.1582054913580981,358.46183051015396,1199.2154608688388,0.1135383211845315,41.26340296807303,2.559240333738,5400.0,1
47.907745599746704,435.94449758529663,1191.8299198150635,0.07216026948493774,381.3577390301772,1216.8034720940166,0.034834413897684734,60.028264367583624,2.1386139918644003,5400.0,1
48.10775899887085,472.51278162002563,1193.2278871536255,-0.03940171942011887,400.2134486246217,1209.8443810673464,-0.07118197246307131,74.18423971144426,1.8208743712189666,5400.0,1
48.30775594711304,509.7557306289673,1189.246416091919,-0.1645533590047719,453.78528644008605,1233.019514697549,-0.19393558417734474,71.05473090680795,1.6834774950914717,5400.0,1
48.50771617889404,546.3472604751587,1180.9797286987305,-0.3008591815807582,517.4853819670087,1234.119316419747,-0.3383105097963821,60.47167778538005,2.1458030439144666,5400.0,1
48.70772409439087,572.6678967475891,1172.3178625106812,-0.4500776484514934,557.3865812504038,1213.0438555890867,-0.48667620476873036,43.49856452283053,2.096942813249535,5400.0,1
48.907734870910645,608.2018613815308,1149.170994758606,-0.6003382014542926,553.6188999786922,1201.0450595494644,-0.642197755391308,75.30085174438567,2.3983757728912085,5400.0,1
49.10777258872986,637.0997428894043,1124.828577041626,-0.7657834890894855,583.4051142051171,1166.7380466273046,-0.7945468801713532,68.11399849147307,1.6480209134752537,5400.0,1
49.30778455734253,662.8319621086121,1098.4399318695068,-0.9395540051196566,627.4149168475404,1136.177730755809,-0.9730336208365528,51.754309577153,1.9182406802980085,5400.0,1
49.50768995285034,682.9668283462524,1066.955327987671,-1.1169477025817824,657.2543837572746,1133.900942441949,-1.147031722257712,71.71363260498032,1.72368735821929,5400.0,1
49.70770597457886,696.8794465065002,1031.882405281067,-1.2928199651682626,610.5271609464021,1090.1273993655411,-1.30333818937077,104.15947656047996,0.6026498547760345,5400.0,1
49.90768265724182,704.2276859283447,995.4224824905396,-1.4630023046289657,652.8550742122593,1063.8660137375655,-1.4893411806974401,85.57839799911127,1.5091064358417101,5400.0,1
50.1076545715332,706.257164478302,958.530843257904,-1.6270330062432838,687.9656782581166,1003.8419581211324,-1.6597297104112831,48.86384755923244,1.8733831528141682,5400.0,1
50.3077347278595,701.4929056167603,920.4369783401489,-1.7806778514970718,657.6144502018809,934.5682585259154,-1.7974552538980708,46.0978516775369,0.9612743487698974,5400.0,1
50.50769829750061,689.3346905708313,879.1713714599609,-1.9263038466139195,645.5479666931174,900.0269919549987,-1.967309400174885,48.499836022157886,2.3494451556409652,5400.0,1
50.70769929885864,673.8326549530029,845.9069728851318,-2.0594503559886923,643.3208058108488,890.7872600845618,-2.0927831317043117,54.26981773672074,1.909827367961156,5400.0,1
50.907724380493164,654.4196605682373,814.2701387405396,-2.176058686169079,599.1969390751036,849.4167811238957,-2.2255210177562303,65.45865443111198,2.8339828448203814,5400.0,1
51.10773992538452,631.85715675354,783.8143706321716,-2.278838489153348,599.9078252614537,796.6701005611479,-2.3370924314162327,34.4387801003171,3.3377050316620704,5400.0,1
51.30779218673706,606.0917377471924,755.9750080108643,-2.360828476731331,568.819004382117,774.5543203947213,-2.406891135692147,41.646698562562555,2.6391959516052292,5400.0,1
51.50776743888855,580.7899236679077,728.3258438110352,-2.4224886243967627,544.1953868466157,781.695069397668,-2.4671583131918133,64.7103883845693,2.5593846401192244,5400.0,1
51.7077202796936,549.7943162918091,704.7482132911682,-2.4547172997999995,525.8041833979407,756.304905678593,-2.5160902167651567,56.86491894126821,3.516409118510352,5400.0,1
51.90771174430847,519.7885036468506,680.6352138519287,-2.4805585534380787,526.885710894314,695.316197101611,-2.5516888714373245,16.30649011562266,4.075467016780215,5400.0,1
52.10771203041077,489.8046553134918,656.5790176391602,-2.483792684117923,466.45995949025314,681.368844410945,-2.54850113554837,34.051583435350544,3.707521165791901,5400.0,1
52.30771017074585,458.4803283214569,632.7213644981384,-2.477836438899703,426.27798777593534,675.4072820927619,-2.5388832203307663,53.47034970434293,3.497722928857521,5400.0,1
52.507689237594604,422.16798663139343,609.1352701187134,-2.4503059721705,388.4776631079673,638.321934744751,-2.513584137012039,44.57464852476032,3.6255717807532983,5400.0,1
52.70774245262146,394.53938603401184,586.5060687065125,-2.4055106755492934,375.8564114636584,624.162400043582,-2.4840354603270445,42.03632748663518,4.499138754938267,5400.0,1
52.90773034095764,366.9617474079132,560.6734752655029,-2.344714116291588,336.7390078171847,574.4003132915715,-2.423808590496717,33.19397641987037,4.531779554760245,5400.0,1
53.10769009590149,341.65406227111816,532.1816802024841,-2.26378667718984,293.00050247993175,550.7934222240465,-2.3408447162701935,52.09189784824259,4.415100416858426,5400.0,1
53.3076810836792,318.63823533058167,502.80338525772095,-2.1665346949706095,280.43041126324533,507.83874513320626,-2.2582339561484774,38.53819753226885,5.253980649959673,5400.0,1
53.50767540931702,299.01623725891113,470.49829363822937,-2.050096039955569,275.9541616663046,469.24968117923476,-2.1513029283125102,23.09585165591114,5.798727560504444,5400.0,1
53.70773267745972,282.03994035720825,432.9773783683777,-1.9219804707053825,257.966654540043,457.12007236422556,-2.006724125113975,34.09388161257205,4.855453738127559,5400.0,1
53.907742738723755,273.1188237667084,397.2543179988861,-1.7896622445821404,230.01677247563853,397.29932442921626,-1.8762519603944878,43.10207478853874,4.961225265284716,5400.0,1
54.10768008232117,268.01201701164246,359.36349630355835,-1.648815961389757,227.50797765720156,395.9561670181293,-1.7283728963905691,54.58571932338269,4.55827660654315,5400.0,1
54.30769443511963,266.0604417324066,325.6494104862213,-1.48029905605021,218.5364267835324,366.22848701808886,-1.5659566234983495,62.491547020697006,4.907817098135576,5400.0,1
54.50765657424927,271.5305984020233,284.40478444099426,-1.332931382279225,211.65833972945396,297.6594543131942,-1.4138415431529503,61.32188542417839,4.635810737788983,5400.0,1
54.70777916908264,282.76127576828003,247.74467945098877,-1.1755529615627016,239.92319679509953,303.9410934685366,-1.2653976316145665,70.6621394987733,5.147720405717282,5400.0,1
54.90777897834778,300.30930042266846,212.7981185913086,-1.0226173929442364,250.1934823107872,266.43860069816617,-1.104549697006068,73.40910397000684,4.694375228525523,5400.0,1
55.10772156715393,320.1802968978882,183.81354212760925,-0.8720270465949376,269.8737612432166,181.98161624106737,-0.9699702888385313,50.3398796385979,5.611734412385357,5400.0,1
55.30771565437317,346.3728427886963,155.493825674057,-0.7402636844100814,256.43814268305545,167.7430655565361,-0.819526970026842,90.76504922485346,4.541451736180388,5400.0,1
55.50781989097595,376.9368529319763,131.03847205638885,-0.6132427502159516,317.4918476045043,180.78069497352664,-0.692929995030857,77.51127272288466,4.5657428089198255,5400.0,1
55.70776629447937,409.05866026878357,110.12348532676697,-0.4958669736559207,339.06683495434015,129.21180468882542,-0.5808397792199745,72.54804991807497,4.8685831322060436,5400.0,1
55.907763719558716,444.5721507072449,92.99811720848083,-0.3949772059993735,387.6416298688264,94.68536684213659,-0.4644486390003745,56.95551785612938,3.9804199076832214,5400.0,1
56.107775926589966,483.03478956222534,77.89934426546097,-0.3123415418353312,420.3555287095465,131.58978430553262,-0.38213048205501426,82.53092203977057,3.998611731278644,5400.0,1
56.30779266357422,518.959105014801,68.48305463790894,-0.23141675905755515,458.517779865058,123.56840820218038,-0.3074412611488889,81.77744165207024,4.355883109416926,5400.0,1
56.50775623321533,557.7606558799744,59.716902673244476,-0.17745875645243653,486.8922577227712,118.14503982466546,-0.25833025726526443,91.84866394430098,4.633595679463845,5400.0,1
56.70769643783569,594.3321585655212,53.413230925798416,-0.14822106840047553,530.7896226879026,55.02657293371161,-0.23009332244310865,63.563013916844376,4.69093461586577,5400.0,1
56.91601800918579,632.7821016311646,48.721760511398315,-0.14097570781148594,580.465540380928,26.118567955913957,-0.21046009022975956,56.99058601865798,3.9811618546401,5400.0,1
